account_id,customer_id,account_type,branch_code,open_date,balance,status
ACC000011,CUST00001,CURRENT,BR527,2018-08-11,817798.16,BLOCKED
ACC000012,CUST00001,CURRENT,BR344,2018-09-17,599706.18,BLOCKED
ACC000013,CUST00001,SAVINGS,BR327,2018-12-22,531063.37,DORMANT
ACC000021,CUST00002,SAVINGS,BR291,2022-09-22,178332.86,BLOCKED
ACC000022,CUST00002,SAVINGS,BR118,2025-06-20,795388.2,BLOCKED
ACC000023,CUST00002,SALARY,BR969,2018-04-01,52099.4,BLOCKED
ACC000031,CUST00003,SAVINGS,BR507,2020-02-16,165144.49,BLOCKED
ACC000032,CUST00003,SAVINGS,BR641,2018-05-18,90183.74,ACTIVE
ACC000033,CUST00003,SAVINGS,BR696,2020-06-26,5060.92,ACTIVE
ACC000041,CUST00004,CURRENT,BR947,2026-02-02,436482.37,ACTIVE
ACC000042,CUST00004,CURRENT,BR972,2018-10-22,192938.43,BLOCKED
ACC000043,CUST00004,SALARY,BR990,2021-05-11,695249.52,ACTIVE
ACC000051,CUST00005,SAVINGS,BR717,2025-04-16,588048.71,ACTIVE
ACC000052,CUST00005,SAVINGS,BR141,2019-08-10,947219.57,DORMANT
ACC000061,CUST00006,SAVINGS,BR706,2021-02-02,914939.8,BLOCKED
ACC000062,CUST00006,SALARY,BR976,2024-11-07,827365.79,ACTIVE
ACC000071,CUST00007,SAVINGS,BR462,2025-12-29,624714.76,BLOCKED
ACC000072,CUST00007,SAVINGS,BR907,2020-05-14,494596.87,ACTIVE
ACC000081,CUST00008,CURRENT,BR898,2025-09-08,639067.66,BLOCKED
ACC000082,CUST00008,CURRENT,BR955,2023-07-22,551055.99,ACTIVE
ACC000083,CUST00008,SAVINGS,BR837,2021-03-01,82906.53,ACTIVE
ACC000091,CUST00009,SAVINGS,BR770,2025-08-04,55045.51,BLOCKED
ACC000092,CUST00009,CURRENT,BR793,2025-06-17,443369.66,BLOCKED
ACC000093,CUST00009,SAVINGS,BR354,2023-09-16,986586.8,BLOCKED
ACC000101,CUST00010,SAVINGS,BR279,2019-11-06,923205.36,DORMANT
ACC000102,CUST00010,SAVINGS,BR984,2018-08-31,647532.42,BLOCKED
ACC000111,CUST00011,SAVINGS,BR501,2026-04-05,587156.35,BLOCKED
ACC000112,CUST00011,CURRENT,BR907,2025-12-30,155667.08,BLOCKED
ACC000113,CUST00011,CURRENT,BR504,2023-02-13,24199.06,ACTIVE
ACC000121,CUST00012,SAVINGS,BR385,2018-08-21,383092.96,DORMANT
ACC000122,CUST00012,SALARY,BR797,2020-09-02,945607.76,BLOCKED
ACC000123,CUST00012,SAVINGS,BR374,2020-04-26,506690.32,BLOCKED
ACC000131,CUST00013,CURRENT,BR213,2023-08-02,35301.29,ACTIVE
ACC000132,CUST00013,SAVINGS,BR934,2023-08-13,277778.57,DORMANT
ACC000141,CUST00014,CURRENT,BR216,2025-03-19,780615.31,BLOCKED
ACC000142,CUST00014,SALARY,BR545,2025-01-02,665560.89,BLOCKED
ACC000151,CUST00015,CURRENT,BR567,2022-06-08,383873.87,BLOCKED
ACC000152,CUST00015,SALARY,BR670,2022-02-02,280242.34,DORMANT
ACC000153,CUST00015,SALARY,BR117,2023-09-17,290983.47,DORMANT
ACC000161,CUST00016,SAVINGS,BR526,2019-12-14,399534.79,DORMANT
ACC000162,CUST00016,CURRENT,BR729,2022-01-14,121251.56,DORMANT
ACC000163,CUST00016,CURRENT,BR157,2022-02-16,72324.82,ACTIVE
ACC000171,CUST00017,CURRENT,BR871,2023-05-09,196522.54,ACTIVE
ACC000181,CUST00018,CURRENT,BR626,2024-07-08,49284.97,BLOCKED
ACC000191,CUST00019,SALARY,BR627,2021-04-26,843569.61,ACTIVE
ACC000192,CUST00019,CURRENT,BR208,2024-08-07,648840.55,ACTIVE
ACC000201,CUST00020,SALARY,BR932,2024-02-20,713602.26,ACTIVE
ACC000202,CUST00020,CURRENT,BR807,2022-08-26,109524.73,DORMANT
ACC000211,CUST00021,SAVINGS,BR677,2025-05-14,415165.45,ACTIVE
ACC000221,CUST00022,SAVINGS,BR771,2020-12-22,869923.37,BLOCKED
ACC000222,CUST00022,CURRENT,BR979,2026-01-07,167698.23,ACTIVE
ACC000231,CUST00023,CURRENT,BR769,2025-02-22,16477.43,DORMANT
ACC000241,CUST00024,SALARY,BR519,2020-11-01,483046.8,ACTIVE
ACC000251,CUST00025,SAVINGS,BR418,2018-02-27,640283.82,DORMANT
ACC000252,CUST00025,CURRENT,BR429,2018-10-25,892966.19,BLOCKED
ACC000261,CUST00026,CURRENT,BR337,2023-07-02,88414.88,DORMANT
ACC000271,CUST00027,SAVINGS,BR891,2025-06-04,235863.74,DORMANT
ACC000272,CUST00027,SAVINGS,BR946,2022-11-25,647527.81,BLOCKED
ACC000273,CUST00027,CURRENT,BR230,2020-02-07,972980.45,DORMANT
ACC000281,CUST00028,SALARY,BR559,2021-10-22,845351.44,BLOCKED
ACC000282,CUST00028,SAVINGS,BR716,2025-03-12,161670.15,BLOCKED
ACC000283,CUST00028,SALARY,BR872,2025-06-30,66730.16,BLOCKED
ACC000291,CUST00029,SALARY,BR323,2025-05-12,915331.31,ACTIVE
ACC000292,CUST00029,CURRENT,BR148,2022-11-25,619363.28,DORMANT
ACC000293,CUST00029,SALARY,BR306,2023-06-07,496177.52,BLOCKED
ACC000301,CUST00030,CURRENT,BR863,2024-02-17,668908.58,BLOCKED
ACC000302,CUST00030,SALARY,BR457,2024-05-02,916199.76,DORMANT
ACC000311,CUST00031,SALARY,BR340,2023-12-23,981626.2,BLOCKED
ACC000312,CUST00031,CURRENT,BR506,2020-01-09,667495.75,DORMANT
ACC000313,CUST00031,SALARY,BR654,2018-08-12,685807.72,BLOCKED
ACC000321,CUST00032,SAVINGS,BR320,2025-10-08,951488.85,DORMANT
ACC000322,CUST00032,CURRENT,BR597,2021-01-04,524422.75,ACTIVE
ACC000331,CUST00033,SAVINGS,BR585,2025-03-07,987889.7,ACTIVE
ACC000332,CUST00033,SAVINGS,BR409,2026-02-24,780105.31,DORMANT
ACC000341,CUST00034,SAVINGS,BR255,2018-03-20,422699.67,DORMANT
ACC000342,CUST00034,SALARY,BR979,2020-11-14,987829.53,BLOCKED
ACC000343,CUST00034,SAVINGS,BR233,2024-06-25,933084.48,ACTIVE
ACC000351,CUST00035,SAVINGS,BR558,2022-09-11,329819.53,BLOCKED
ACC000352,CUST00035,CURRENT,BR685,2023-06-13,460442.0,DORMANT
ACC000353,CUST00035,SALARY,BR727,2024-11-06,924591.58,DORMANT
ACC000361,CUST00036,SAVINGS,BR218,2025-02-10,611023.42,BLOCKED
ACC000371,CUST00037,SAVINGS,BR316,2022-11-02,639851.13,ACTIVE
ACC000372,CUST00037,SALARY,BR814,2020-06-01,292589.17,DORMANT
ACC000381,CUST00038,SAVINGS,BR309,2025-01-19,304826.82,DORMANT
ACC000382,CUST00038,SAVINGS,BR521,2022-11-06,159907.15,ACTIVE
ACC000383,CUST00038,CURRENT,BR269,2024-08-27,578917.99,ACTIVE
ACC000391,CUST00039,SALARY,BR870,2018-05-18,991602.27,ACTIVE
ACC000392,CUST00039,SALARY,BR434,2021-02-16,578434.13,ACTIVE
ACC000401,CUST00040,SAVINGS,BR800,2020-06-19,596556.09,ACTIVE
ACC000402,CUST00040,SAVINGS,BR594,2020-10-26,646946.81,BLOCKED
ACC000403,CUST00040,SALARY,BR700,2025-05-21,699597.86,ACTIVE
ACC000411,CUST00041,SALARY,BR489,2025-03-22,878318.62,ACTIVE
ACC000412,CUST00041,CURRENT,BR665,2019-11-25,201668.83,BLOCKED
ACC000413,CUST00041,SAVINGS,BR845,2023-01-06,562571.97,ACTIVE
ACC000421,CUST00042,SAVINGS,BR786,2025-06-23,878140.86,ACTIVE
ACC000422,CUST00042,CURRENT,BR149,2024-12-08,486869.75,ACTIVE
ACC000431,CUST00043,CURRENT,BR514,2021-12-23,825161.99,BLOCKED
ACC000432,CUST00043,CURRENT,BR482,2023-03-11,780089.94,ACTIVE
ACC000441,CUST00044,CURRENT,BR343,2019-07-14,479302.1,BLOCKED
ACC000442,CUST00044,SAVINGS,BR428,2019-02-06,711954.76,DORMANT
ACC000451,CUST00045,CURRENT,BR635,2020-04-12,31876.41,ACTIVE
ACC000452,CUST00045,CURRENT,BR821,2020-09-12,631269.86,ACTIVE
ACC000461,CUST00046,SALARY,BR972,2023-03-15,883540.17,ACTIVE
ACC000471,CUST00047,CURRENT,BR829,2022-12-15,782683.49,DORMANT
ACC000472,CUST00047,SAVINGS,BR616,2023-03-01,945425.59,ACTIVE
ACC000481,CUST00048,CURRENT,BR287,2022-07-18,584001.52,DORMANT
ACC000482,CUST00048,SAVINGS,BR726,2024-06-08,985640.28,DORMANT
ACC000483,CUST00048,SAVINGS,BR606,2022-06-25,667004.34,DORMANT
ACC000491,CUST00049,SAVINGS,BR725,2023-01-07,401982.27,DORMANT
ACC000492,CUST00049,SALARY,BR640,2026-02-08,271489.14,BLOCKED
ACC000501,CUST00050,SAVINGS,BR369,2025-07-03,520554.56,DORMANT
ACC000502,CUST00050,SALARY,BR210,2020-05-09,446406.41,ACTIVE
ACC000503,CUST00050,SAVINGS,BR357,2020-09-01,353322.79,DORMANT
ACC000511,CUST00051,CURRENT,BR290,2020-02-16,972925.82,DORMANT
ACC000512,CUST00051,CURRENT,BR292,2018-12-08,768746.54,ACTIVE
ACC000513,CUST00051,CURRENT,BR727,2021-06-06,835800.6,ACTIVE
ACC000521,CUST00052,SAVINGS,BR560,2025-05-20,700508.15,BLOCKED
ACC000522,CUST00052,SAVINGS,BR123,2020-08-02,237071.08,BLOCKED
ACC000523,CUST00052,SAVINGS,BR312,2021-09-05,960558.61,DORMANT
ACC000531,CUST00053,SAVINGS,BR775,2023-07-01,697524.68,DORMANT
ACC000532,CUST00053,SALARY,BR510,2019-07-31,891177.64,ACTIVE
ACC000541,CUST00054,SAVINGS,BR970,2022-04-20,440325.92,BLOCKED
ACC000542,CUST00054,CURRENT,BR329,2024-02-14,310899.41,ACTIVE
ACC000543,CUST00054,CURRENT,BR764,2021-11-01,376668.06,DORMANT
ACC000551,CUST00055,SALARY,BR916,2025-02-27,604920.42,DORMANT
ACC000561,CUST00056,CURRENT,BR350,2021-03-07,102130.24,BLOCKED
ACC000562,CUST00056,SALARY,BR288,2026-03-28,898938.85,ACTIVE
ACC000563,CUST00056,SAVINGS,BR622,2021-03-13,104615.7,ACTIVE
ACC000571,CUST00057,SALARY,BR699,2025-11-09,25929.5,BLOCKED
ACC000581,CUST00058,SALARY,BR461,2020-11-16,277222.21,BLOCKED
ACC000582,CUST00058,SALARY,BR567,2021-11-23,633443.06,DORMANT
ACC000591,CUST00059,SAVINGS,BR262,2018-12-11,369589.9,ACTIVE
ACC000601,CUST00060,SALARY,BR928,2021-11-03,258295.51,DORMANT
ACC000611,CUST00061,SAVINGS,BR523,2018-04-02,503044.33,ACTIVE
ACC000621,CUST00062,SALARY,BR385,2020-11-20,137893.48,DORMANT
ACC000622,CUST00062,SALARY,BR112,2020-08-27,192539.86,BLOCKED
ACC000623,CUST00062,CURRENT,BR621,2023-05-20,992127.26,ACTIVE
ACC000631,CUST00063,SALARY,BR117,2021-07-08,800119.74,DORMANT
ACC000632,CUST00063,SAVINGS,BR306,2024-02-12,31565.24,DORMANT
ACC000633,CUST00063,CURRENT,BR204,2024-11-23,38826.34,BLOCKED
ACC000641,CUST00064,SAVINGS,BR110,2019-08-19,201595.41,ACTIVE
ACC000651,CUST00065,CURRENT,BR920,2023-09-21,123759.02,ACTIVE
ACC000661,CUST00066,SALARY,BR175,2019-12-12,907409.79,DORMANT
ACC000671,CUST00067,SALARY,BR101,2023-01-12,6493.2,BLOCKED
ACC000681,CUST00068,CURRENT,BR565,2025-07-24,979162.38,ACTIVE
ACC000682,CUST00068,CURRENT,BR575,2020-10-07,54808.07,ACTIVE
ACC000691,CUST00069,SAVINGS,BR236,2022-09-18,872124.83,ACTIVE
ACC000692,CUST00069,CURRENT,BR778,2021-10-25,965298.12,ACTIVE
ACC000701,CUST00070,CURRENT,BR851,2020-04-23,29249.05,ACTIVE
ACC000702,CUST00070,SAVINGS,BR348,2018-05-18,79305.66,ACTIVE
ACC000711,CUST00071,SALARY,BR822,2019-10-21,746515.2,BLOCKED
ACC000712,CUST00071,SALARY,BR548,2024-07-04,576705.31,DORMANT
ACC000713,CUST00071,CURRENT,BR115,2023-12-15,59337.97,ACTIVE
ACC000721,CUST00072,SALARY,BR139,2023-01-15,98312.11,BLOCKED
ACC000722,CUST00072,SALARY,BR535,2020-04-28,428270.91,ACTIVE
ACC000723,CUST00072,CURRENT,BR477,2024-01-09,67686.24,DORMANT
ACC000731,CUST00073,CURRENT,BR611,2020-02-28,6481.4,BLOCKED
ACC000741,CUST00074,SAVINGS,BR379,2021-11-01,897348.88,ACTIVE
ACC000742,CUST00074,SAVINGS,BR482,2021-07-08,716607.48,ACTIVE
ACC000751,CUST00075,SALARY,BR463,2022-02-22,577704.19,ACTIVE
ACC000752,CUST00075,CURRENT,BR385,2018-09-09,305700.59,BLOCKED
ACC000761,CUST00076,SALARY,BR378,2024-03-21,154861.56,ACTIVE
ACC000762,CUST00076,SAVINGS,BR962,2018-11-16,536176.77,DORMANT
ACC000763,CUST00076,SALARY,BR330,2023-01-24,219290.82,DORMANT
ACC000771,CUST00077,SAVINGS,BR941,2022-09-15,349550.49,DORMANT
ACC000772,CUST00077,CURRENT,BR149,2021-06-29,300153.35,ACTIVE
ACC000773,CUST00077,CURRENT,BR693,2020-05-16,82958.76,DORMANT
ACC000781,CUST00078,SAVINGS,BR666,2024-10-18,834981.65,ACTIVE
ACC000782,CUST00078,SALARY,BR351,2021-01-15,983660.88,ACTIVE
ACC000791,CUST00079,SAVINGS,BR992,2022-12-23,21752.66,DORMANT
ACC000792,CUST00079,SALARY,BR322,2022-07-17,798458.01,BLOCKED
ACC000801,CUST00080,CURRENT,BR580,2021-06-12,276206.64,BLOCKED
ACC000811,CUST00081,SALARY,BR984,2019-07-21,574981.66,BLOCKED
ACC000812,CUST00081,SAVINGS,BR421,2018-11-05,262613.79,DORMANT
ACC000821,CUST00082,SAVINGS,BR458,2018-06-17,294133.81,ACTIVE
ACC000822,CUST00082,SALARY,BR134,2019-07-03,425386.96,BLOCKED
ACC000823,CUST00082,CURRENT,BR569,2023-06-15,629264.5,BLOCKED
ACC000831,CUST00083,CURRENT,BR297,2023-11-28,15872.93,ACTIVE
ACC000841,CUST00084,SAVINGS,BR991,2018-09-14,509710.4,DORMANT
ACC000842,CUST00084,SAVINGS,BR329,2023-01-12,85057.18,BLOCKED
ACC000851,CUST00085,CURRENT,BR446,2022-12-12,736064.03,ACTIVE
ACC000861,CUST00086,SAVINGS,BR316,2025-03-06,582123.72,ACTIVE
ACC000862,CUST00086,SALARY,BR269,2023-04-09,481399.77,DORMANT
ACC000863,CUST00086,CURRENT,BR209,2021-04-09,214440.75,ACTIVE
ACC000871,CUST00087,SAVINGS,BR882,2025-08-23,649309.22,BLOCKED
ACC000881,CUST00088,CURRENT,BR798,2023-05-21,391578.62,DORMANT
ACC000882,CUST00088,SAVINGS,BR934,2024-11-26,828556.04,DORMANT
ACC000883,CUST00088,SAVINGS,BR529,2020-07-24,485161.14,ACTIVE
ACC000891,CUST00089,CURRENT,BR238,2022-09-05,933002.58,BLOCKED
ACC000892,CUST00089,SAVINGS,BR714,2019-08-25,178914.84,BLOCKED
ACC000901,CUST00090,CURRENT,BR556,2025-07-31,608673.47,BLOCKED
ACC000902,CUST00090,SALARY,BR698,2023-10-03,906242.45,ACTIVE
ACC000903,CUST00090,CURRENT,BR216,2018-06-08,537459.01,ACTIVE
ACC000911,CUST00091,SALARY,BR281,2018-10-27,360504.29,BLOCKED
ACC000921,CUST00092,SALARY,BR280,2023-02-22,395515.41,BLOCKED
ACC000931,CUST00093,CURRENT,BR910,2023-02-01,634808.51,ACTIVE
ACC000932,CUST00093,SAVINGS,BR556,2019-10-23,788913.96,DORMANT
ACC000933,CUST00093,SAVINGS,BR657,2023-09-01,600657.52,ACTIVE
ACC000941,CUST00094,SALARY,BR782,2018-07-15,165924.31,DORMANT
ACC000942,CUST00094,SALARY,BR449,2022-05-26,157491.31,DORMANT
ACC000951,CUST00095,SAVINGS,BR249,2026-03-08,681146.36,DORMANT
ACC000952,CUST00095,SAVINGS,BR230,2025-01-03,142696.24,DORMANT
ACC000953,CUST00095,SAVINGS,BR846,2023-07-26,514044.56,DORMANT
ACC000961,CUST00096,SALARY,BR553,2023-02-07,139940.65,DORMANT
ACC000962,CUST00096,CURRENT,BR713,2024-04-21,160727.98,BLOCKED
ACC000963,CUST00096,SAVINGS,BR620,2023-04-11,377790.46,BLOCKED
ACC000971,CUST00097,SALARY,BR872,2019-09-13,379039.05,ACTIVE
ACC000972,CUST00097,CURRENT,BR494,2019-02-26,367509.93,BLOCKED
ACC000981,CUST00098,CURRENT,BR248,2023-09-07,496448.06,DORMANT
ACC000991,CUST00099,CURRENT,BR929,2025-04-13,816296.54,DORMANT
ACC001001,CUST00100,SALARY,BR833,2022-08-03,229220.75,ACTIVE
ACC001002,CUST00100,SAVINGS,BR466,2018-10-25,517438.0,ACTIVE
ACC001011,CUST00101,SAVINGS,BR551,2024-11-28,494375.23,DORMANT
ACC001012,CUST00101,SALARY,BR621,2025-06-01,289124.64,DORMANT
ACC001021,CUST00102,SAVINGS,BR450,2024-08-04,717075.8,DORMANT
ACC001031,CUST00103,SAVINGS,BR741,2020-12-09,367131.07,BLOCKED
ACC001032,CUST00103,CURRENT,BR951,2026-04-10,690601.63,DORMANT
ACC001041,CUST00104,SALARY,BR408,2019-01-04,109146.48,ACTIVE
ACC001042,CUST00104,CURRENT,BR912,2019-09-23,941754.69,DORMANT
ACC001043,CUST00104,SALARY,BR665,2018-11-14,894510.23,ACTIVE
ACC001051,CUST00105,CURRENT,BR771,2018-04-05,114943.0,BLOCKED
ACC001052,CUST00105,SAVINGS,BR892,2021-07-02,508741.65,BLOCKED
ACC001053,CUST00105,CURRENT,BR735,2022-04-23,243378.16,BLOCKED
ACC001061,CUST00106,SAVINGS,BR596,2024-03-29,960426.31,BLOCKED
ACC001071,CUST00107,SALARY,BR969,2020-12-25,148341.21,ACTIVE
ACC001081,CUST00108,SALARY,BR935,2022-08-24,226703.13,DORMANT
ACC001091,CUST00109,SAVINGS,BR699,2025-07-19,544137.94,BLOCKED
ACC001092,CUST00109,SALARY,BR220,2020-10-02,325998.18,BLOCKED
ACC001093,CUST00109,SAVINGS,BR607,2022-10-09,54095.57,BLOCKED
ACC001101,CUST00110,CURRENT,BR594,2024-01-18,721907.46,BLOCKED
ACC001111,CUST00111,SAVINGS,BR926,2020-10-17,773010.96,BLOCKED
ACC001112,CUST00111,SALARY,BR978,2018-09-07,178250.2,BLOCKED
ACC001113,CUST00111,SALARY,BR898,2024-02-13,286317.22,ACTIVE
ACC001121,CUST00112,SAVINGS,BR614,2025-01-12,285658.87,ACTIVE
ACC001131,CUST00113,SALARY,BR747,2021-04-11,559767.06,DORMANT
ACC001132,CUST00113,SAVINGS,BR828,2019-05-18,895141.4,ACTIVE
ACC001141,CUST00114,CURRENT,BR971,2024-11-23,108550.62,ACTIVE
ACC001151,CUST00115,SALARY,BR943,2025-11-14,678154.79,ACTIVE
ACC001161,CUST00116,CURRENT,BR826,2022-06-14,490005.54,ACTIVE
ACC001171,CUST00117,CURRENT,BR970,2022-04-01,534885.46,ACTIVE
ACC001172,CUST00117,SALARY,BR726,2024-08-10,878025.01,BLOCKED
ACC001181,CUST00118,CURRENT,BR509,2020-05-23,788863.3,DORMANT
ACC001191,CUST00119,SALARY,BR199,2024-03-31,699950.91,ACTIVE
ACC001192,CUST00119,CURRENT,BR760,2024-02-20,574012.01,BLOCKED
ACC001201,CUST00120,SALARY,BR266,2020-06-10,776471.15,BLOCKED
ACC001202,CUST00120,SALARY,BR146,2025-04-02,496050.14,BLOCKED
ACC001211,CUST00121,SALARY,BR586,2025-09-21,346286.94,BLOCKED
ACC001212,CUST00121,CURRENT,BR805,2026-01-21,457979.01,BLOCKED
ACC001213,CUST00121,CURRENT,BR848,2019-10-12,184828.62,BLOCKED
ACC001221,CUST00122,CURRENT,BR617,2020-06-19,394743.47,BLOCKED
ACC001222,CUST00122,SAVINGS,BR157,2019-06-27,60464.82,ACTIVE
ACC001223,CUST00122,SALARY,BR185,2026-02-01,412307.8,DORMANT
ACC001231,CUST00123,CURRENT,BR670,2019-01-28,18649.21,DORMANT
ACC001232,CUST00123,CURRENT,BR197,2024-07-17,692815.78,ACTIVE
ACC001241,CUST00124,SAVINGS,BR652,2020-07-11,734971.83,ACTIVE
ACC001242,CUST00124,SAVINGS,BR941,2025-10-15,251603.5,ACTIVE
ACC001243,CUST00124,CURRENT,BR642,2019-01-16,946221.53,DORMANT
ACC001251,CUST00125,CURRENT,BR272,2018-02-24,533576.13,ACTIVE
ACC001261,CUST00126,SALARY,BR135,2025-07-15,984260.75,BLOCKED
ACC001262,CUST00126,SAVINGS,BR928,2023-03-08,187045.61,BLOCKED
ACC001271,CUST00127,SAVINGS,BR297,2021-09-08,561796.08,ACTIVE
ACC001272,CUST00127,SALARY,BR771,2025-02-03,268304.9,ACTIVE
ACC001281,CUST00128,SALARY,BR347,2019-09-23,475502.61,DORMANT
ACC001282,CUST00128,SAVINGS,BR573,2021-04-04,277323.56,ACTIVE
ACC001283,CUST00128,CURRENT,BR945,2023-04-09,283636.36,DORMANT
ACC001291,CUST00129,SAVINGS,BR308,2020-11-25,465264.86,DORMANT
ACC001292,CUST00129,CURRENT,BR865,2023-02-24,291408.77,ACTIVE
ACC001293,CUST00129,SAVINGS,BR464,2026-01-31,90619.45,BLOCKED
ACC001301,CUST00130,SALARY,BR264,2024-04-25,882471.11,BLOCKED
ACC001302,CUST00130,SAVINGS,BR205,2025-05-20,574908.62,ACTIVE
ACC001311,CUST00131,SAVINGS,BR679,2025-10-03,372179.5,ACTIVE
ACC001321,CUST00132,CURRENT,BR334,2019-05-18,385254.9,BLOCKED
ACC001322,CUST00132,CURRENT,BR850,2025-03-14,632023.47,DORMANT
ACC001323,CUST00132,CURRENT,BR105,2018-10-14,281148.43,ACTIVE
ACC001331,CUST00133,CURRENT,BR463,2020-10-07,973488.34,DORMANT
ACC001332,CUST00133,CURRENT,BR382,2025-04-08,489737.02,DORMANT
ACC001333,CUST00133,CURRENT,BR588,2021-08-11,119477.99,ACTIVE
ACC001341,CUST00134,CURRENT,BR103,2023-05-22,33069.17,BLOCKED
ACC001342,CUST00134,SALARY,BR215,2019-08-06,177642.29,BLOCKED
ACC001351,CUST00135,SALARY,BR704,2023-07-30,7585.63,ACTIVE
ACC001352,CUST00135,SALARY,BR830,2021-03-13,479429.96,BLOCKED
ACC001353,CUST00135,CURRENT,BR565,2019-09-12,452897.39,BLOCKED
ACC001361,CUST00136,CURRENT,BR480,2020-03-06,562763.69,DORMANT
ACC001371,CUST00137,CURRENT,BR149,2024-05-11,31861.29,ACTIVE
ACC001372,CUST00137,SAVINGS,BR606,2025-10-06,581499.08,ACTIVE
ACC001373,CUST00137,SALARY,BR201,2025-12-23,112865.33,DORMANT
ACC001381,CUST00138,SAVINGS,BR530,2021-07-21,826332.95,ACTIVE
ACC001382,CUST00138,SALARY,BR377,2022-10-23,659977.33,BLOCKED
ACC001391,CUST00139,CURRENT,BR613,2024-04-20,371949.69,ACTIVE
ACC001401,CUST00140,SALARY,BR121,2025-04-09,841700.9,ACTIVE
ACC001402,CUST00140,SALARY,BR353,2023-11-02,288826.66,DORMANT
ACC001411,CUST00141,SAVINGS,BR765,2023-01-12,584313.12,DORMANT
ACC001412,CUST00141,SALARY,BR272,2024-11-23,40928.63,DORMANT
ACC001421,CUST00142,SALARY,BR848,2023-12-15,376949.49,ACTIVE
ACC001422,CUST00142,CURRENT,BR479,2022-08-02,195846.7,DORMANT
ACC001423,CUST00142,CURRENT,BR840,2022-04-21,17091.43,DORMANT
ACC001431,CUST00143,CURRENT,BR628,2023-08-11,821085.87,ACTIVE
ACC001441,CUST00144,SALARY,BR717,2019-12-02,511380.36,ACTIVE
ACC001451,CUST00145,SALARY,BR305,2019-03-23,756947.05,DORMANT
ACC001452,CUST00145,CURRENT,BR173,2018-03-26,155482.51,DORMANT
ACC001453,CUST00145,CURRENT,BR217,2019-07-07,724184.77,DORMANT
ACC001461,CUST00146,SAVINGS,BR760,2025-03-30,337579.56,ACTIVE
ACC001471,CUST00147,CURRENT,BR238,2024-10-15,235607.95,ACTIVE
ACC001481,CUST00148,CURRENT,BR134,2019-05-29,559609.94,BLOCKED
ACC001482,CUST00148,SAVINGS,BR924,2019-01-19,229167.79,ACTIVE
ACC001483,CUST00148,CURRENT,BR256,2020-07-17,459785.09,ACTIVE
ACC001491,CUST00149,SAVINGS,BR929,2022-08-15,1625.65,BLOCKED
ACC001492,CUST00149,SALARY,BR495,2025-04-28,515848.71,ACTIVE
ACC001501,CUST00150,SAVINGS,BR630,2025-06-12,247186.49,ACTIVE
ACC001502,CUST00150,SALARY,BR755,2025-07-17,882259.84,DORMANT
ACC001503,CUST00150,CURRENT,BR950,2018-10-20,224660.8,DORMANT
ACC001511,CUST00151,SALARY,BR634,2019-09-24,31212.62,BLOCKED
ACC001512,CUST00151,SALARY,BR159,2019-09-03,526411.35,DORMANT
ACC001513,CUST00151,SAVINGS,BR332,2020-06-28,312390.41,ACTIVE
ACC001521,CUST00152,SALARY,BR924,2023-05-15,442062.3,ACTIVE
ACC001522,CUST00152,CURRENT,BR838,2023-11-13,786721.21,ACTIVE
ACC001523,CUST00152,SAVINGS,BR631,2025-05-03,479684.78,DORMANT
ACC001531,CUST00153,SALARY,BR813,2026-01-20,616030.27,DORMANT
ACC001532,CUST00153,SAVINGS,BR744,2020-03-25,32866.97,DORMANT
ACC001541,CUST00154,SALARY,BR521,2025-11-14,182668.66,BLOCKED
ACC001542,CUST00154,SALARY,BR793,2024-09-29,967567.03,ACTIVE
ACC001543,CUST00154,CURRENT,BR526,2024-03-04,832639.31,DORMANT
ACC001551,CUST00155,CURRENT,BR826,2021-04-05,188956.35,ACTIVE
ACC001552,CUST00155,SAVINGS,BR149,2020-09-01,636245.73,ACTIVE
ACC001553,CUST00155,CURRENT,BR486,2021-05-15,780518.75,DORMANT
ACC001561,CUST00156,SALARY,BR217,2023-06-21,54489.18,DORMANT
ACC001562,CUST00156,SALARY,BR579,2021-12-25,261601.72,ACTIVE
ACC001571,CUST00157,CURRENT,BR479,2025-09-17,797060.95,BLOCKED
ACC001581,CUST00158,CURRENT,BR561,2020-03-06,454415.72,BLOCKED
ACC001582,CUST00158,SALARY,BR825,2024-02-22,753391.76,BLOCKED
ACC001583,CUST00158,CURRENT,BR822,2020-04-23,351047.97,ACTIVE
ACC001591,CUST00159,SAVINGS,BR880,2023-06-23,984969.4,DORMANT
ACC001592,CUST00159,SALARY,BR910,2018-06-18,125723.3,BLOCKED
ACC001593,CUST00159,SALARY,BR809,2023-07-12,42745.51,ACTIVE
ACC001601,CUST00160,SAVINGS,BR344,2026-04-11,769130.39,DORMANT
ACC001611,CUST00161,SALARY,BR867,2025-02-22,767508.96,DORMANT
ACC001621,CUST00162,SALARY,BR541,2021-02-13,405402.4,BLOCKED
ACC001622,CUST00162,SALARY,BR899,2021-01-03,820231.89,BLOCKED
ACC001631,CUST00163,SALARY,BR970,2019-04-14,696321.21,ACTIVE
ACC001632,CUST00163,SAVINGS,BR973,2018-07-03,793939.26,DORMANT
ACC001633,CUST00163,SALARY,BR686,2018-03-21,282781.87,DORMANT
ACC001641,CUST00164,SAVINGS,BR504,2024-01-08,478634.29,ACTIVE
ACC001651,CUST00165,SALARY,BR384,2020-05-09,27556.14,ACTIVE
ACC001652,CUST00165,CURRENT,BR220,2023-09-28,529877.92,DORMANT
ACC001653,CUST00165,SAVINGS,BR355,2023-03-21,532368.44,BLOCKED
ACC001661,CUST00166,CURRENT,BR733,2024-09-01,397142.17,DORMANT
ACC001662,CUST00166,SALARY,BR553,2021-06-11,99676.47,BLOCKED
ACC001663,CUST00166,SALARY,BR641,2023-09-07,736033.32,BLOCKED
ACC001671,CUST00167,SAVINGS,BR547,2023-10-04,753198.79,DORMANT
ACC001681,CUST00168,SALARY,BR316,2023-12-19,499231.71,DORMANT
ACC001682,CUST00168,SAVINGS,BR732,2023-05-18,51599.09,DORMANT
ACC001691,CUST00169,SAVINGS,BR597,2018-04-23,394733.88,BLOCKED
ACC001692,CUST00169,CURRENT,BR184,2022-10-16,871231.1,DORMANT
ACC001693,CUST00169,SALARY,BR707,2021-06-09,919346.82,DORMANT
ACC001701,CUST00170,SAVINGS,BR807,2023-06-23,771991.15,ACTIVE
ACC001702,CUST00170,SAVINGS,BR835,2024-01-26,960306.51,ACTIVE
ACC001703,CUST00170,SALARY,BR205,2018-05-31,414684.1,ACTIVE
ACC001711,CUST00171,CURRENT,BR964,2024-03-26,789475.88,ACTIVE
ACC001721,CUST00172,SAVINGS,BR366,2024-06-28,310437.86,BLOCKED
ACC001731,CUST00173,SAVINGS,BR346,2019-04-20,802589.24,ACTIVE
ACC001732,CUST00173,SALARY,BR572,2026-02-15,197707.12,DORMANT
ACC001733,CUST00173,SAVINGS,BR734,2025-06-28,244454.78,DORMANT
ACC001741,CUST00174,SAVINGS,BR271,2023-09-01,307292.96,BLOCKED
ACC001751,CUST00175,SALARY,BR979,2021-10-30,846691.46,DORMANT
ACC001761,CUST00176,SAVINGS,BR505,2020-10-12,849064.71,BLOCKED
ACC001762,CUST00176,CURRENT,BR918,2018-12-27,730146.06,BLOCKED
ACC001763,CUST00176,SAVINGS,BR646,2025-02-23,314608.21,DORMANT
ACC001771,CUST00177,SALARY,BR293,2024-03-10,66962.31,DORMANT
ACC001781,CUST00178,CURRENT,BR154,2018-07-07,198641.87,DORMANT
ACC001791,CUST00179,SAVINGS,BR116,2026-02-13,392607.5,ACTIVE
ACC001792,CUST00179,SAVINGS,BR730,2023-09-17,626149.28,DORMANT
ACC001801,CUST00180,SALARY,BR103,2018-11-17,466721.14,BLOCKED
ACC001802,CUST00180,SALARY,BR150,2025-11-17,257927.72,DORMANT
ACC001803,CUST00180,SAVINGS,BR822,2025-05-19,874868.82,BLOCKED
ACC001811,CUST00181,SALARY,BR565,2023-05-24,36419.54,BLOCKED
ACC001812,CUST00181,CURRENT,BR207,2025-10-21,417971.47,DORMANT
ACC001813,CUST00181,CURRENT,BR533,2021-07-22,253362.91,ACTIVE
ACC001821,CUST00182,CURRENT,BR388,2023-04-29,587896.82,BLOCKED
ACC001831,CUST00183,SAVINGS,BR692,2025-12-18,25204.82,ACTIVE
ACC001832,CUST00183,CURRENT,BR633,2024-03-01,109975.23,ACTIVE
ACC001841,CUST00184,SAVINGS,BR480,2019-05-09,380757.38,ACTIVE
ACC001851,CUST00185,SAVINGS,BR109,2023-07-04,469764.73,ACTIVE
ACC001852,CUST00185,SALARY,BR225,2023-11-02,673326.38,BLOCKED
ACC001861,CUST00186,CURRENT,BR334,2024-12-24,420264.02,BLOCKED
ACC001862,CUST00186,SAVINGS,BR389,2023-02-06,499874.44,DORMANT
ACC001863,CUST00186,SAVINGS,BR398,2023-10-14,367134.8,DORMANT
ACC001871,CUST00187,SALARY,BR929,2022-01-19,958683.56,DORMANT
ACC001872,CUST00187,SALARY,BR328,2023-12-19,349375.91,DORMANT
ACC001881,CUST00188,SAVINGS,BR122,2022-05-27,122221.95,BLOCKED
ACC001891,CUST00189,SAVINGS,BR428,2024-06-28,510141.98,DORMANT
ACC001892,CUST00189,SALARY,BR193,2019-03-17,751898.64,DORMANT
ACC001901,CUST00190,CURRENT,BR233,2024-06-05,342214.15,ACTIVE
ACC001902,CUST00190,SALARY,BR236,2025-06-19,829249.19,DORMANT
ACC001903,CUST00190,SAVINGS,BR259,2020-08-09,783855.01,DORMANT
ACC001911,CUST00191,CURRENT,BR749,2021-11-06,339089.41,BLOCKED
ACC001912,CUST00191,SALARY,BR319,2019-01-13,162365.87,ACTIVE
ACC001913,CUST00191,CURRENT,BR436,2024-05-06,71323.8,BLOCKED
ACC001921,CUST00192,SALARY,BR439,2020-05-04,518080.51,ACTIVE
ACC001922,CUST00192,CURRENT,BR127,2025-02-16,598024.15,BLOCKED
ACC001923,CUST00192,SALARY,BR848,2021-04-18,550617.62,ACTIVE
ACC001931,CUST00193,CURRENT,BR525,2018-06-20,283306.68,DORMANT
ACC001932,CUST00193,SALARY,BR584,2021-04-15,756000.98,BLOCKED
ACC001933,CUST00193,SALARY,BR615,2020-06-01,807032.88,ACTIVE
ACC001941,CUST00194,SAVINGS,BR554,2020-11-21,193915.82,DORMANT
ACC001942,CUST00194,SALARY,BR432,2022-03-15,645258.38,BLOCKED
ACC001951,CUST00195,SAVINGS,BR670,2025-06-05,516502.85,BLOCKED
ACC001961,CUST00196,SAVINGS,BR791,2026-02-28,396084.05,ACTIVE
ACC001962,CUST00196,SAVINGS,BR489,2021-12-05,579363.98,BLOCKED
ACC001963,CUST00196,CURRENT,BR649,2018-07-23,215066.61,DORMANT
ACC001971,CUST00197,SALARY,BR474,2018-12-01,850576.93,ACTIVE
ACC001972,CUST00197,SAVINGS,BR639,2019-12-14,582171.7,DORMANT
ACC001973,CUST00197,SAVINGS,BR414,2024-03-06,733775.99,ACTIVE
ACC001981,CUST00198,SALARY,BR529,2025-01-27,314749.71,ACTIVE
ACC001982,CUST00198,CURRENT,BR960,2020-10-02,393948.01,BLOCKED
ACC001983,CUST00198,SAVINGS,BR518,2018-12-11,901817.62,DORMANT
ACC001991,CUST00199,SAVINGS,BR546,2021-06-18,991378.86,DORMANT
ACC001992,CUST00199,SALARY,BR424,2021-10-08,820352.6,ACTIVE
ACC001993,CUST00199,SAVINGS,BR969,2025-06-08,929117.98,ACTIVE
ACC002001,CUST00200,SALARY,BR958,2019-01-17,133469.27,BLOCKED
ACC002011,CUST00201,SAVINGS,BR700,2023-01-01,848462.07,DORMANT
ACC002012,CUST00201,SAVINGS,BR694,2020-04-29,135064.02,ACTIVE
ACC002013,CUST00201,SAVINGS,BR100,2019-03-31,286147.36,BLOCKED
ACC002021,CUST00202,CURRENT,BR863,2024-05-07,238403.83,BLOCKED
ACC002022,CUST00202,CURRENT,BR278,2020-12-22,795413.33,ACTIVE
ACC002023,CUST00202,CURRENT,BR730,2020-07-13,397521.92,BLOCKED
ACC002031,CUST00203,CURRENT,BR285,2024-10-16,267310.7,ACTIVE
ACC002032,CUST00203,SAVINGS,BR107,2022-01-01,122415.47,ACTIVE
ACC002041,CUST00204,CURRENT,BR669,2018-04-30,539536.11,ACTIVE
ACC002051,CUST00205,SALARY,BR979,2020-01-12,387048.0,ACTIVE
ACC002061,CUST00206,CURRENT,BR567,2023-09-05,184419.67,DORMANT
ACC002071,CUST00207,SALARY,BR738,2025-02-02,580232.74,BLOCKED
ACC002072,CUST00207,SAVINGS,BR334,2018-10-24,235003.71,DORMANT
ACC002073,CUST00207,CURRENT,BR946,2019-06-05,536382.04,DORMANT
ACC002081,CUST00208,SALARY,BR832,2020-01-29,931995.19,ACTIVE
ACC002091,CUST00209,SALARY,BR768,2019-01-30,753005.17,ACTIVE
ACC002092,CUST00209,CURRENT,BR912,2021-10-23,742810.39,DORMANT
ACC002101,CUST00210,SAVINGS,BR299,2022-12-14,53839.26,DORMANT
ACC002102,CUST00210,SAVINGS,BR645,2022-12-19,454215.36,ACTIVE
ACC002111,CUST00211,CURRENT,BR726,2022-12-24,234810.87,DORMANT
ACC002121,CUST00212,SAVINGS,BR203,2020-03-21,842661.19,BLOCKED
ACC002122,CUST00212,CURRENT,BR847,2018-06-12,123463.46,DORMANT
ACC002131,CUST00213,SAVINGS,BR549,2019-10-03,61449.99,ACTIVE
ACC002141,CUST00214,SAVINGS,BR189,2019-07-04,769263.17,BLOCKED
ACC002151,CUST00215,SAVINGS,BR415,2021-08-22,662930.73,ACTIVE
ACC002152,CUST00215,CURRENT,BR840,2020-06-23,606154.79,BLOCKED
ACC002161,CUST00216,CURRENT,BR868,2024-12-01,79447.17,BLOCKED
ACC002171,CUST00217,SALARY,BR415,2024-09-12,792788.63,ACTIVE
ACC002172,CUST00217,SAVINGS,BR595,2022-10-20,475345.21,ACTIVE
ACC002181,CUST00218,SALARY,BR438,2026-02-19,279624.44,DORMANT
ACC002191,CUST00219,SALARY,BR242,2026-04-01,864773.56,DORMANT
ACC002192,CUST00219,SAVINGS,BR651,2020-09-23,531786.07,DORMANT
ACC002201,CUST00220,CURRENT,BR542,2019-08-07,994557.16,ACTIVE
ACC002202,CUST00220,CURRENT,BR543,2022-11-24,531778.31,DORMANT
ACC002211,CUST00221,SAVINGS,BR957,2024-02-22,460137.37,ACTIVE
ACC002212,CUST00221,SAVINGS,BR111,2019-11-05,466148.66,BLOCKED
ACC002213,CUST00221,CURRENT,BR306,2024-02-28,922723.55,BLOCKED
ACC002221,CUST00222,SALARY,BR648,2024-12-27,326343.42,ACTIVE
ACC002222,CUST00222,SAVINGS,BR262,2023-03-08,612343.28,ACTIVE
ACC002231,CUST00223,SAVINGS,BR922,2020-03-10,628134.09,BLOCKED
ACC002232,CUST00223,SALARY,BR865,2023-11-16,2192.58,ACTIVE
ACC002241,CUST00224,SAVINGS,BR560,2019-07-09,471429.36,BLOCKED
ACC002251,CUST00225,CURRENT,BR316,2025-07-07,803698.78,DORMANT
ACC002252,CUST00225,SAVINGS,BR169,2025-09-09,903900.01,DORMANT
ACC002253,CUST00225,SALARY,BR545,2021-08-31,865433.36,DORMANT
ACC002261,CUST00226,SAVINGS,BR976,2026-03-10,302409.15,ACTIVE
ACC002262,CUST00226,SALARY,BR762,2020-04-10,850461.4,ACTIVE
ACC002271,CUST00227,SALARY,BR970,2019-01-04,712998.79,BLOCKED
ACC002281,CUST00228,SAVINGS,BR962,2021-12-20,720266.3,DORMANT
ACC002282,CUST00228,CURRENT,BR774,2024-06-03,871054.13,DORMANT
ACC002283,CUST00228,SAVINGS,BR290,2021-07-26,641404.25,DORMANT
ACC002291,CUST00229,SALARY,BR731,2019-03-06,201702.14,DORMANT
ACC002292,CUST00229,SAVINGS,BR614,2020-10-11,234113.75,ACTIVE
ACC002301,CUST00230,SAVINGS,BR841,2018-03-24,870732.06,DORMANT
ACC002302,CUST00230,SALARY,BR759,2025-07-29,483898.96,BLOCKED
ACC002303,CUST00230,CURRENT,BR172,2025-11-09,731255.06,ACTIVE
ACC002311,CUST00231,SALARY,BR687,2024-03-20,517088.58,DORMANT
ACC002312,CUST00231,SAVINGS,BR929,2021-03-31,480023.2,ACTIVE
ACC002313,CUST00231,SALARY,BR247,2025-07-13,141665.49,ACTIVE
ACC002321,CUST00232,SALARY,BR224,2021-05-09,205405.71,DORMANT
ACC002331,CUST00233,CURRENT,BR430,2019-04-25,362907.32,DORMANT
ACC002332,CUST00233,SAVINGS,BR991,2020-12-07,705851.27,DORMANT
ACC002333,CUST00233,SALARY,BR421,2023-06-21,893276.66,DORMANT
ACC002341,CUST00234,CURRENT,BR673,2019-09-29,124912.02,ACTIVE
ACC002342,CUST00234,SAVINGS,BR247,2025-10-13,582740.26,ACTIVE
ACC002351,CUST00235,SAVINGS,BR515,2021-04-23,148139.03,ACTIVE
ACC002361,CUST00236,SALARY,BR835,2020-08-10,429129.34,BLOCKED
ACC002371,CUST00237,SALARY,BR282,2020-02-18,298341.24,DORMANT
ACC002372,CUST00237,CURRENT,BR526,2022-04-27,707863.77,DORMANT
ACC002373,CUST00237,CURRENT,BR127,2019-10-02,844339.07,DORMANT
ACC002381,CUST00238,SAVINGS,BR348,2019-07-20,902237.8,DORMANT
ACC002382,CUST00238,SAVINGS,BR862,2025-04-16,566144.73,ACTIVE
ACC002383,CUST00238,SAVINGS,BR995,2024-12-22,871456.04,BLOCKED
ACC002391,CUST00239,SALARY,BR921,2021-02-09,294382.5,ACTIVE
ACC002392,CUST00239,CURRENT,BR589,2018-09-30,37025.34,BLOCKED
ACC002401,CUST00240,SALARY,BR613,2018-07-12,164126.47,ACTIVE
ACC002402,CUST00240,SAVINGS,BR635,2024-02-24,645888.34,ACTIVE
ACC002411,CUST00241,SAVINGS,BR988,2025-01-01,400315.23,BLOCKED
ACC002412,CUST00241,SALARY,BR895,2020-05-26,225109.85,DORMANT
ACC002413,CUST00241,SALARY,BR570,2023-03-05,420444.57,DORMANT
ACC002421,CUST00242,SALARY,BR475,2019-08-29,509398.94,DORMANT
ACC002422,CUST00242,SAVINGS,BR258,2021-03-02,566460.16,BLOCKED
ACC002423,CUST00242,CURRENT,BR277,2022-08-23,378908.03,BLOCKED
ACC002431,CUST00243,SALARY,BR425,2024-05-09,988378.13,DORMANT
ACC002441,CUST00244,SAVINGS,BR622,2025-01-26,87855.35,DORMANT
ACC002451,CUST00245,SALARY,BR581,2024-03-14,382286.76,DORMANT
ACC002452,CUST00245,CURRENT,BR165,2022-09-16,361697.84,DORMANT
ACC002461,CUST00246,SALARY,BR180,2022-12-06,786277.46,DORMANT
ACC002462,CUST00246,SAVINGS,BR205,2023-03-08,287786.76,ACTIVE
ACC002471,CUST00247,CURRENT,BR387,2021-03-03,923263.82,DORMANT
ACC002481,CUST00248,SALARY,BR840,2020-07-23,691909.76,BLOCKED
ACC002482,CUST00248,CURRENT,BR714,2021-09-13,747394.98,BLOCKED
ACC002491,CUST00249,CURRENT,BR648,2022-03-02,29460.16,DORMANT
ACC002501,CUST00250,SAVINGS,BR155,2026-04-04,337270.62,BLOCKED
ACC002511,CUST00251,SALARY,BR488,2021-11-14,825112.85,BLOCKED
ACC002512,CUST00251,SALARY,BR905,2022-09-09,526199.92,BLOCKED
ACC002513,CUST00251,CURRENT,BR886,2022-03-19,624273.89,ACTIVE
ACC002521,CUST00252,CURRENT,BR116,2020-11-16,897283.76,BLOCKED
ACC002522,CUST00252,CURRENT,BR110,2019-03-31,599981.43,ACTIVE
ACC002531,CUST00253,CURRENT,BR584,2019-09-26,846915.61,BLOCKED
ACC002532,CUST00253,SAVINGS,BR819,2018-06-08,181271.35,ACTIVE
ACC002533,CUST00253,SALARY,BR597,2018-12-25,19691.66,DORMANT
ACC002541,CUST00254,CURRENT,BR663,2018-05-10,634444.92,DORMANT
ACC002542,CUST00254,SALARY,BR509,2024-10-15,616507.09,BLOCKED
ACC002551,CUST00255,SALARY,BR412,2024-04-25,327380.97,ACTIVE
ACC002561,CUST00256,CURRENT,BR917,2025-12-31,625532.6,BLOCKED
ACC002571,CUST00257,CURRENT,BR415,2026-01-11,787086.94,BLOCKED
ACC002572,CUST00257,SAVINGS,BR411,2023-04-15,384283.94,ACTIVE
ACC002581,CUST00258,CURRENT,BR935,2025-12-29,827911.92,BLOCKED
ACC002582,CUST00258,SALARY,BR189,2022-03-18,599207.66,DORMANT
ACC002583,CUST00258,CURRENT,BR501,2019-07-17,289379.52,ACTIVE
ACC002591,CUST00259,CURRENT,BR609,2020-05-29,702328.14,ACTIVE
ACC002592,CUST00259,SALARY,BR747,2025-06-28,108502.45,BLOCKED
ACC002601,CUST00260,SALARY,BR994,2024-05-16,484612.61,BLOCKED
ACC002602,CUST00260,SAVINGS,BR858,2024-09-22,345459.84,BLOCKED
ACC002603,CUST00260,CURRENT,BR819,2024-09-01,973254.63,DORMANT
ACC002611,CUST00261,SALARY,BR313,2026-03-19,814559.97,ACTIVE
ACC002612,CUST00261,CURRENT,BR236,2021-08-03,586363.51,BLOCKED
ACC002621,CUST00262,SAVINGS,BR202,2023-08-21,107915.25,DORMANT
ACC002622,CUST00262,CURRENT,BR340,2023-05-02,770026.42,DORMANT
ACC002631,CUST00263,CURRENT,BR165,2018-10-03,925587.99,BLOCKED
ACC002641,CUST00264,SALARY,BR842,2021-08-12,660438.71,DORMANT
ACC002642,CUST00264,SALARY,BR956,2020-11-27,321175.33,DORMANT
ACC002643,CUST00264,CURRENT,BR774,2021-01-14,588072.3,ACTIVE
ACC002651,CUST00265,SAVINGS,BR146,2021-05-11,915431.98,DORMANT
ACC002652,CUST00265,SAVINGS,BR214,2020-07-19,327149.99,BLOCKED
ACC002661,CUST00266,CURRENT,BR296,2024-06-24,234623.53,BLOCKED
ACC002671,CUST00267,SAVINGS,BR609,2019-07-20,878104.76,ACTIVE
ACC002672,CUST00267,SAVINGS,BR201,2026-01-29,808335.39,ACTIVE
ACC002673,CUST00267,SALARY,BR427,2022-07-11,973767.71,BLOCKED
ACC002681,CUST00268,CURRENT,BR976,2018-05-29,93687.78,ACTIVE
ACC002682,CUST00268,SAVINGS,BR621,2020-09-01,834680.14,DORMANT
ACC002683,CUST00268,CURRENT,BR129,2025-11-25,631410.76,DORMANT
ACC002691,CUST00269,CURRENT,BR604,2022-02-06,676897.04,ACTIVE
ACC002692,CUST00269,CURRENT,BR930,2025-12-30,601452.41,DORMANT
ACC002693,CUST00269,SAVINGS,BR413,2021-02-07,348861.41,BLOCKED
ACC002701,CUST00270,CURRENT,BR898,2024-07-30,142184.23,DORMANT
ACC002711,CUST00271,SAVINGS,BR133,2019-02-02,533807.29,DORMANT
ACC002721,CUST00272,SALARY,BR402,2024-04-13,433958.6,DORMANT
ACC002731,CUST00273,SALARY,BR282,2021-08-22,779057.54,DORMANT
ACC002732,CUST00273,SALARY,BR894,2025-04-03,132700.33,BLOCKED
ACC002733,CUST00273,SALARY,BR662,2023-12-05,130707.05,BLOCKED
ACC002741,CUST00274,SALARY,BR390,2024-03-06,118441.55,BLOCKED
ACC002742,CUST00274,SAVINGS,BR694,2023-10-29,309264.76,BLOCKED
ACC002751,CUST00275,CURRENT,BR633,2021-07-05,586123.81,ACTIVE
ACC002761,CUST00276,CURRENT,BR273,2019-12-20,293382.8,ACTIVE
ACC002762,CUST00276,SAVINGS,BR792,2024-08-09,419585.17,BLOCKED
ACC002771,CUST00277,SALARY,BR609,2021-01-17,970446.26,BLOCKED
ACC002772,CUST00277,CURRENT,BR499,2020-12-18,150830.62,BLOCKED
ACC002781,CUST00278,CURRENT,BR608,2019-09-20,787165.95,DORMANT
ACC002791,CUST00279,SAVINGS,BR137,2019-09-05,859513.24,ACTIVE
ACC002792,CUST00279,SALARY,BR881,2023-03-05,38724.1,DORMANT
ACC002801,CUST00280,SALARY,BR348,2021-01-12,337627.96,DORMANT
ACC002811,CUST00281,CURRENT,BR660,2021-05-26,934909.61,ACTIVE
ACC002821,CUST00282,SAVINGS,BR370,2024-04-05,530669.77,ACTIVE
ACC002822,CUST00282,SALARY,BR915,2022-12-11,57294.98,BLOCKED
ACC002823,CUST00282,CURRENT,BR160,2025-09-01,272278.27,BLOCKED
ACC002831,CUST00283,SALARY,BR566,2020-07-21,341116.84,ACTIVE
ACC002832,CUST00283,SAVINGS,BR350,2021-05-29,764702.27,BLOCKED
ACC002833,CUST00283,CURRENT,BR673,2020-10-25,799425.78,DORMANT
ACC002841,CUST00284,SALARY,BR644,2023-01-20,849651.83,ACTIVE
ACC002842,CUST00284,SALARY,BR338,2025-05-28,488560.05,ACTIVE
ACC002843,CUST00284,SAVINGS,BR426,2025-12-01,767649.82,BLOCKED
ACC002851,CUST00285,SAVINGS,BR165,2022-06-17,387761.54,DORMANT
ACC002852,CUST00285,SAVINGS,BR663,2019-09-30,37193.1,ACTIVE
ACC002861,CUST00286,SAVINGS,BR482,2022-11-10,364588.94,BLOCKED
ACC002862,CUST00286,SAVINGS,BR443,2025-06-07,296153.56,ACTIVE
ACC002863,CUST00286,CURRENT,BR950,2023-11-22,152440.79,DORMANT
ACC002871,CUST00287,CURRENT,BR991,2024-06-06,349350.49,BLOCKED
ACC002872,CUST00287,SALARY,BR356,2023-07-10,299520.19,DORMANT
ACC002881,CUST00288,CURRENT,BR346,2025-07-16,931281.61,ACTIVE
ACC002882,CUST00288,SALARY,BR726,2024-09-24,187047.17,DORMANT
ACC002891,CUST00289,CURRENT,BR306,2021-02-12,589179.48,BLOCKED
ACC002892,CUST00289,SALARY,BR140,2019-03-28,835251.35,ACTIVE
ACC002901,CUST00290,SALARY,BR314,2023-09-27,547553.59,BLOCKED
ACC002902,CUST00290,CURRENT,BR609,2022-06-13,273889.98,DORMANT
ACC002903,CUST00290,CURRENT,BR864,2024-07-15,955015.22,BLOCKED
ACC002911,CUST00291,SALARY,BR193,2024-05-13,262158.13,BLOCKED
ACC002912,CUST00291,SAVINGS,BR168,2024-07-04,331361.87,BLOCKED
ACC002913,CUST00291,CURRENT,BR843,2018-08-23,72654.79,BLOCKED
ACC002921,CUST00292,SALARY,BR495,2023-09-20,794157.99,BLOCKED
ACC002922,CUST00292,CURRENT,BR543,2022-01-07,883578.15,ACTIVE
ACC002923,CUST00292,CURRENT,BR865,2025-06-10,754005.47,BLOCKED
ACC002931,CUST00293,CURRENT,BR254,2023-02-12,391044.4,BLOCKED
ACC002932,CUST00293,SAVINGS,BR863,2024-04-11,42127.78,BLOCKED
ACC002941,CUST00294,CURRENT,BR415,2021-08-18,716764.52,BLOCKED
ACC002951,CUST00295,SAVINGS,BR625,2019-07-27,699235.29,DORMANT
ACC002952,CUST00295,SALARY,BR242,2022-03-09,46520.02,DORMANT
ACC002961,CUST00296,CURRENT,BR684,2021-09-14,119723.81,DORMANT
ACC002962,CUST00296,SALARY,BR284,2024-03-30,889266.66,BLOCKED
ACC002963,CUST00296,SAVINGS,BR613,2025-11-24,311876.4,ACTIVE
ACC002971,CUST00297,SAVINGS,BR657,2024-05-23,635108.39,ACTIVE
ACC002972,CUST00297,SALARY,BR240,2019-09-23,683240.11,ACTIVE
ACC002981,CUST00298,SALARY,BR758,2021-12-27,195665.35,BLOCKED
ACC002982,CUST00298,SALARY,BR229,2022-09-19,619068.64,ACTIVE
ACC002983,CUST00298,SAVINGS,BR306,2024-10-04,441316.91,BLOCKED
ACC002991,CUST00299,SAVINGS,BR847,2024-07-06,846629.75,BLOCKED
ACC002992,CUST00299,SAVINGS,BR258,2021-08-25,251527.8,DORMANT
ACC003001,CUST00300,CURRENT,BR771,2021-10-30,529667.11,ACTIVE
ACC003002,CUST00300,CURRENT,BR577,2022-08-21,324816.51,ACTIVE
ACC003011,CUST00301,SAVINGS,BR799,2021-11-24,26987.91,DORMANT
ACC003021,CUST00302,CURRENT,BR369,2019-03-25,844299.89,BLOCKED
ACC003022,CUST00302,SALARY,BR165,2022-11-12,924266.17,BLOCKED
ACC003031,CUST00303,CURRENT,BR359,2025-07-21,602491.53,BLOCKED
ACC003032,CUST00303,SAVINGS,BR121,2024-02-07,695998.32,ACTIVE
ACC003041,CUST00304,SAVINGS,BR322,2022-11-19,786558.62,BLOCKED
ACC003042,CUST00304,SAVINGS,BR290,2021-06-18,301781.1,DORMANT
ACC003051,CUST00305,SAVINGS,BR537,2025-06-28,808480.91,BLOCKED
ACC003052,CUST00305,CURRENT,BR749,2022-12-11,273859.16,ACTIVE
ACC003061,CUST00306,CURRENT,BR183,2022-10-03,392510.93,DORMANT
ACC003062,CUST00306,SALARY,BR695,2020-07-16,773505.87,BLOCKED
ACC003063,CUST00306,SALARY,BR472,2023-01-07,434627.34,DORMANT
ACC003071,CUST00307,CURRENT,BR767,2024-06-08,628861.04,ACTIVE
ACC003081,CUST00308,CURRENT,BR874,2025-04-03,464472.33,ACTIVE
ACC003082,CUST00308,SALARY,BR961,2022-02-26,690430.49,BLOCKED
ACC003091,CUST00309,SALARY,BR578,2023-09-28,953646.14,BLOCKED
ACC003092,CUST00309,SAVINGS,BR672,2019-03-23,937188.83,ACTIVE
ACC003101,CUST00310,CURRENT,BR576,2023-01-06,669295.19,DORMANT
ACC003102,CUST00310,SAVINGS,BR807,2020-12-21,789162.2,ACTIVE
ACC003103,CUST00310,SALARY,BR169,2019-08-07,774753.47,DORMANT
ACC003111,CUST00311,SAVINGS,BR367,2021-09-30,371907.95,ACTIVE
ACC003112,CUST00311,SALARY,BR226,2023-08-10,442609.32,BLOCKED
ACC003121,CUST00312,CURRENT,BR829,2023-11-30,292240.25,DORMANT
ACC003122,CUST00312,CURRENT,BR710,2020-06-26,382011.67,ACTIVE
ACC003131,CUST00313,SALARY,BR984,2020-03-08,752361.56,DORMANT
ACC003132,CUST00313,SALARY,BR709,2026-02-23,957902.25,ACTIVE
ACC003141,CUST00314,SALARY,BR373,2020-07-24,242572.46,ACTIVE
ACC003142,CUST00314,SALARY,BR686,2019-01-28,477915.98,BLOCKED
ACC003143,CUST00314,CURRENT,BR762,2020-05-20,131573.01,DORMANT
ACC003151,CUST00315,CURRENT,BR166,2025-09-12,408820.11,DORMANT
ACC003161,CUST00316,CURRENT,BR750,2022-08-14,770499.61,ACTIVE
ACC003171,CUST00317,SAVINGS,BR991,2019-10-03,255712.24,DORMANT
ACC003181,CUST00318,SALARY,BR330,2025-12-17,11596.3,ACTIVE
ACC003182,CUST00318,SAVINGS,BR113,2022-01-13,535673.05,BLOCKED
ACC003191,CUST00319,CURRENT,BR138,2018-04-21,253829.5,ACTIVE
ACC003201,CUST00320,SALARY,BR127,2021-07-12,167408.66,DORMANT
ACC003202,CUST00320,SAVINGS,BR426,2023-07-12,723013.59,ACTIVE
ACC003203,CUST00320,CURRENT,BR361,2022-06-30,409379.83,DORMANT
ACC003211,CUST00321,CURRENT,BR176,2026-02-25,724070.43,BLOCKED
ACC003212,CUST00321,SALARY,BR508,2019-10-15,439927.81,DORMANT
ACC003213,CUST00321,SALARY,BR329,2019-11-13,892860.35,DORMANT
ACC003221,CUST00322,SAVINGS,BR483,2023-08-12,783839.2,DORMANT
ACC003231,CUST00323,CURRENT,BR590,2025-09-03,667554.16,ACTIVE
ACC003241,CUST00324,CURRENT,BR217,2024-07-16,723304.33,ACTIVE
ACC003251,CUST00325,CURRENT,BR493,2019-04-30,462603.88,ACTIVE
ACC003261,CUST00326,SAVINGS,BR760,2024-03-02,901941.07,DORMANT
ACC003271,CUST00327,SAVINGS,BR320,2019-03-22,804813.81,DORMANT
ACC003272,CUST00327,SALARY,BR694,2023-06-03,652765.91,DORMANT
ACC003273,CUST00327,SALARY,BR454,2020-10-16,350085.57,BLOCKED
ACC003281,CUST00328,CURRENT,BR809,2020-12-17,994560.42,DORMANT
ACC003282,CUST00328,SALARY,BR750,2020-04-12,356411.77,DORMANT
ACC003291,CUST00329,SAVINGS,BR991,2023-12-03,950603.65,ACTIVE
ACC003292,CUST00329,CURRENT,BR953,2024-10-14,297863.88,BLOCKED
ACC003293,CUST00329,SAVINGS,BR204,2021-06-28,68424.75,ACTIVE
ACC003301,CUST00330,SALARY,BR452,2020-08-04,710830.13,DORMANT
ACC003302,CUST00330,SAVINGS,BR524,2021-11-05,568112.6,ACTIVE
ACC003303,CUST00330,SAVINGS,BR859,2024-04-15,662643.13,ACTIVE
ACC003311,CUST00331,SAVINGS,BR365,2024-01-10,239665.32,DORMANT
ACC003321,CUST00332,SAVINGS,BR394,2021-01-29,803129.57,BLOCKED
ACC003322,CUST00332,CURRENT,BR269,2022-10-01,798152.48,ACTIVE
ACC003331,CUST00333,CURRENT,BR402,2021-08-03,427263.07,BLOCKED
ACC003341,CUST00334,SAVINGS,BR274,2025-03-02,897009.55,ACTIVE
ACC003342,CUST00334,SAVINGS,BR833,2023-12-24,949458.92,DORMANT
ACC003343,CUST00334,CURRENT,BR609,2020-11-30,273179.97,DORMANT
ACC003351,CUST00335,SALARY,BR480,2020-09-09,599318.74,BLOCKED
ACC003361,CUST00336,SAVINGS,BR231,2019-10-01,501084.78,DORMANT
ACC003362,CUST00336,SALARY,BR606,2019-06-04,640317.39,DORMANT
ACC003371,CUST00337,SALARY,BR393,2025-09-10,910812.39,DORMANT
ACC003381,CUST00338,CURRENT,BR381,2021-08-02,612394.85,BLOCKED
ACC003391,CUST00339,CURRENT,BR125,2021-01-30,150935.58,BLOCKED
ACC003392,CUST00339,CURRENT,BR402,2020-02-29,467818.75,DORMANT
ACC003401,CUST00340,CURRENT,BR709,2023-03-06,350703.15,DORMANT
ACC003402,CUST00340,CURRENT,BR861,2021-09-08,303010.56,DORMANT
ACC003403,CUST00340,CURRENT,BR185,2020-01-07,267244.35,ACTIVE
ACC003411,CUST00341,CURRENT,BR107,2020-02-07,609678.59,BLOCKED
ACC003412,CUST00341,CURRENT,BR363,2022-12-28,464051.51,ACTIVE
ACC003413,CUST00341,SAVINGS,BR621,2025-06-16,370309.56,BLOCKED
ACC003421,CUST00342,SAVINGS,BR807,2025-08-07,58561.25,DORMANT
ACC003431,CUST00343,CURRENT,BR946,2023-12-24,902489.09,ACTIVE
ACC003441,CUST00344,SALARY,BR162,2021-10-19,496159.53,DORMANT
ACC003442,CUST00344,CURRENT,BR386,2021-04-26,108368.69,DORMANT
ACC003443,CUST00344,SALARY,BR140,2023-07-02,278062.05,BLOCKED
ACC003451,CUST00345,SALARY,BR869,2020-02-22,390218.61,ACTIVE
ACC003452,CUST00345,SAVINGS,BR137,2022-02-25,380047.25,ACTIVE
ACC003453,CUST00345,SAVINGS,BR270,2020-04-07,795259.76,ACTIVE
ACC003461,CUST00346,SALARY,BR960,2024-03-10,117190.38,BLOCKED
ACC003471,CUST00347,SALARY,BR687,2023-02-20,381164.99,ACTIVE
ACC003472,CUST00347,CURRENT,BR247,2018-07-08,848222.64,BLOCKED
ACC003481,CUST00348,CURRENT,BR797,2024-06-16,800854.62,DORMANT
ACC003482,CUST00348,CURRENT,BR667,2021-03-26,665704.95,ACTIVE
ACC003491,CUST00349,SAVINGS,BR819,2019-12-21,849939.15,DORMANT
ACC003501,CUST00350,SAVINGS,BR877,2022-07-10,842453.28,ACTIVE
ACC003511,CUST00351,CURRENT,BR381,2026-03-08,809713.98,ACTIVE
ACC003512,CUST00351,CURRENT,BR296,2025-01-01,649768.56,ACTIVE
ACC003513,CUST00351,SAVINGS,BR729,2021-08-17,218778.2,DORMANT
ACC003521,CUST00352,SAVINGS,BR866,2020-07-04,353815.28,DORMANT
ACC003531,CUST00353,CURRENT,BR891,2020-06-12,441177.37,ACTIVE
ACC003532,CUST00353,SALARY,BR663,2023-02-28,592373.65,DORMANT
ACC003533,CUST00353,SAVINGS,BR777,2019-11-29,764829.63,BLOCKED
ACC003541,CUST00354,SALARY,BR260,2022-10-29,178245.59,DORMANT
ACC003542,CUST00354,CURRENT,BR295,2022-10-19,111662.78,ACTIVE
ACC003543,CUST00354,SAVINGS,BR346,2019-04-26,979980.15,DORMANT
ACC003551,CUST00355,SAVINGS,BR258,2019-02-08,100376.37,ACTIVE
ACC003552,CUST00355,SAVINGS,BR795,2019-04-27,766798.76,ACTIVE
ACC003561,CUST00356,CURRENT,BR217,2023-03-04,256597.31,ACTIVE
ACC003571,CUST00357,CURRENT,BR980,2021-07-07,677863.21,DORMANT
ACC003572,CUST00357,SALARY,BR703,2025-12-26,470475.18,BLOCKED
ACC003573,CUST00357,SALARY,BR578,2024-07-03,535401.79,ACTIVE
ACC003581,CUST00358,SAVINGS,BR278,2019-05-20,445085.4,ACTIVE
ACC003582,CUST00358,SALARY,BR574,2023-12-04,919661.61,BLOCKED
ACC003583,CUST00358,SAVINGS,BR282,2020-10-21,701594.97,BLOCKED
ACC003591,CUST00359,CURRENT,BR646,2018-06-08,50819.65,DORMANT
ACC003601,CUST00360,SAVINGS,BR700,2020-03-26,463736.82,ACTIVE
ACC003602,CUST00360,SAVINGS,BR320,2022-10-08,978834.54,ACTIVE
ACC003611,CUST00361,SALARY,BR863,2021-01-09,619928.81,DORMANT
ACC003612,CUST00361,SALARY,BR157,2023-09-07,546894.33,DORMANT
ACC003613,CUST00361,CURRENT,BR709,2023-11-16,732540.56,ACTIVE
ACC003621,CUST00362,SAVINGS,BR940,2019-10-24,676436.95,DORMANT
ACC003622,CUST00362,SAVINGS,BR298,2025-09-20,498008.58,ACTIVE
ACC003631,CUST00363,CURRENT,BR746,2018-10-10,655128.64,BLOCKED
ACC003641,CUST00364,SALARY,BR882,2021-09-29,118776.81,BLOCKED
ACC003651,CUST00365,SALARY,BR307,2021-08-10,547349.71,DORMANT
ACC003661,CUST00366,SAVINGS,BR374,2025-07-17,442003.82,DORMANT
ACC003662,CUST00366,SALARY,BR100,2019-11-23,199243.44,DORMANT
ACC003663,CUST00366,SAVINGS,BR389,2023-11-22,862719.89,ACTIVE
ACC003671,CUST00367,CURRENT,BR309,2023-06-01,671662.82,BLOCKED
ACC003672,CUST00367,SAVINGS,BR155,2025-06-25,240887.11,DORMANT
ACC003673,CUST00367,SALARY,BR163,2025-06-16,999469.67,ACTIVE
ACC003681,CUST00368,CURRENT,BR444,2021-11-02,622625.38,ACTIVE
ACC003682,CUST00368,SAVINGS,BR309,2018-12-01,478909.97,ACTIVE
ACC003691,CUST00369,CURRENT,BR842,2020-04-02,951817.59,BLOCKED
ACC003692,CUST00369,SALARY,BR369,2023-12-06,360924.11,BLOCKED
ACC003693,CUST00369,SAVINGS,BR737,2020-07-01,302587.09,ACTIVE
ACC003701,CUST00370,CURRENT,BR336,2023-11-28,362841.38,ACTIVE
ACC003702,CUST00370,SAVINGS,BR670,2020-12-07,595499.18,ACTIVE
ACC003703,CUST00370,CURRENT,BR318,2025-05-30,518121.4,BLOCKED
ACC003711,CUST00371,CURRENT,BR537,2024-12-21,737643.7,BLOCKED
ACC003712,CUST00371,CURRENT,BR640,2025-09-21,859038.14,ACTIVE
ACC003713,CUST00371,SALARY,BR942,2021-02-16,448397.7,DORMANT
ACC003721,CUST00372,CURRENT,BR450,2019-05-23,580260.97,BLOCKED
ACC003722,CUST00372,SAVINGS,BR588,2026-04-08,997954.22,DORMANT
ACC003723,CUST00372,SAVINGS,BR501,2018-10-28,136159.48,DORMANT
ACC003731,CUST00373,CURRENT,BR303,2018-03-31,198613.19,BLOCKED
ACC003741,CUST00374,SAVINGS,BR624,2023-07-26,406784.64,BLOCKED
ACC003742,CUST00374,CURRENT,BR500,2024-05-17,651636.71,BLOCKED
ACC003751,CUST00375,SALARY,BR530,2021-05-16,550767.93,ACTIVE
ACC003761,CUST00376,SALARY,BR325,2021-08-09,249057.32,DORMANT
ACC003771,CUST00377,SAVINGS,BR785,2021-02-08,492081.24,BLOCKED
ACC003781,CUST00378,SALARY,BR620,2023-09-29,400204.01,BLOCKED
ACC003782,CUST00378,CURRENT,BR906,2019-05-27,205335.9,ACTIVE
ACC003783,CUST00378,CURRENT,BR736,2023-09-25,858695.08,DORMANT
ACC003791,CUST00379,SAVINGS,BR884,2018-10-13,518628.07,BLOCKED
ACC003792,CUST00379,SALARY,BR524,2020-04-15,587564.97,ACTIVE
ACC003793,CUST00379,SAVINGS,BR812,2025-12-19,814712.05,ACTIVE
ACC003801,CUST00380,CURRENT,BR882,2019-10-12,1510.45,DORMANT
ACC003811,CUST00381,SAVINGS,BR374,2019-01-15,728336.15,BLOCKED
ACC003812,CUST00381,CURRENT,BR940,2019-07-26,951339.62,BLOCKED
ACC003821,CUST00382,CURRENT,BR791,2023-04-20,741641.98,DORMANT
ACC003831,CUST00383,SAVINGS,BR888,2022-10-20,780128.24,DORMANT
ACC003832,CUST00383,CURRENT,BR626,2021-09-28,49154.26,DORMANT
ACC003841,CUST00384,CURRENT,BR414,2023-08-22,302123.71,ACTIVE
ACC003851,CUST00385,SALARY,BR293,2024-10-19,112224.16,ACTIVE
ACC003852,CUST00385,SAVINGS,BR672,2023-04-17,457319.87,DORMANT
ACC003853,CUST00385,SAVINGS,BR202,2024-04-14,244272.24,DORMANT
ACC003861,CUST00386,CURRENT,BR808,2022-05-02,204817.19,DORMANT
ACC003862,CUST00386,SALARY,BR530,2023-11-01,633624.55,ACTIVE
ACC003863,CUST00386,CURRENT,BR604,2025-09-30,991894.27,ACTIVE
ACC003871,CUST00387,CURRENT,BR713,2019-05-02,851074.85,ACTIVE
ACC003872,CUST00387,SAVINGS,BR210,2025-03-20,230652.89,BLOCKED
ACC003873,CUST00387,SAVINGS,BR559,2018-09-15,467392.58,DORMANT
ACC003881,CUST00388,CURRENT,BR434,2018-02-24,88936.64,BLOCKED
ACC003891,CUST00389,SALARY,BR110,2019-11-20,940745.0,BLOCKED
ACC003892,CUST00389,CURRENT,BR621,2023-08-07,782446.07,DORMANT
ACC003893,CUST00389,SALARY,BR532,2024-01-06,714487.68,DORMANT
ACC003901,CUST00390,SAVINGS,BR150,2025-11-03,878451.79,BLOCKED
ACC003911,CUST00391,SALARY,BR263,2020-01-29,995383.76,DORMANT
ACC003912,CUST00391,SAVINGS,BR242,2026-03-12,257411.23,ACTIVE
ACC003921,CUST00392,CURRENT,BR995,2018-03-09,162044.91,DORMANT
ACC003922,CUST00392,SAVINGS,BR503,2024-08-02,708109.2,ACTIVE
ACC003931,CUST00393,CURRENT,BR279,2022-04-08,638249.06,ACTIVE
ACC003932,CUST00393,SAVINGS,BR213,2020-03-06,459445.34,BLOCKED
ACC003933,CUST00393,SALARY,BR992,2019-08-21,774950.12,BLOCKED
ACC003941,CUST00394,CURRENT,BR801,2025-03-27,621407.19,DORMANT
ACC003942,CUST00394,SAVINGS,BR990,2019-03-14,354318.38,BLOCKED
ACC003943,CUST00394,SALARY,BR913,2019-06-22,841048.25,ACTIVE
ACC003951,CUST00395,CURRENT,BR354,2021-10-27,208884.24,BLOCKED
ACC003961,CUST00396,SAVINGS,BR873,2022-04-02,718587.95,DORMANT
ACC003962,CUST00396,CURRENT,BR649,2025-03-29,350828.05,BLOCKED
ACC003971,CUST00397,SAVINGS,BR634,2022-06-01,642647.02,DORMANT
ACC003972,CUST00397,CURRENT,BR204,2023-06-29,750591.94,ACTIVE
ACC003973,CUST00397,CURRENT,BR436,2025-07-31,978584.93,BLOCKED
ACC003981,CUST00398,SAVINGS,BR465,2021-08-07,228212.9,ACTIVE
ACC003982,CUST00398,SAVINGS,BR676,2024-10-09,423050.08,DORMANT
ACC003983,CUST00398,CURRENT,BR269,2025-05-30,861245.12,ACTIVE
ACC003991,CUST00399,SAVINGS,BR160,2024-08-04,245799.63,DORMANT
ACC004001,CUST00400,SAVINGS,BR561,2024-05-01,655748.43,BLOCKED
ACC004002,CUST00400,SAVINGS,BR755,2024-10-21,101558.84,ACTIVE
ACC004011,CUST00401,SALARY,BR580,2023-08-31,309467.59,DORMANT
ACC004021,CUST00402,SAVINGS,BR580,2023-04-10,702961.05,ACTIVE
ACC004022,CUST00402,SALARY,BR108,2024-05-20,776807.24,ACTIVE
ACC004031,CUST00403,SALARY,BR533,2022-11-09,1397.2,BLOCKED
ACC004032,CUST00403,SALARY,BR434,2022-07-09,218225.69,DORMANT
ACC004033,CUST00403,CURRENT,BR733,2024-03-20,480114.37,ACTIVE
ACC004041,CUST00404,CURRENT,BR299,2019-03-22,508462.67,BLOCKED
ACC004042,CUST00404,CURRENT,BR593,2018-08-05,697908.43,DORMANT
ACC004051,CUST00405,SAVINGS,BR143,2024-04-16,563375.88,DORMANT
ACC004052,CUST00405,SAVINGS,BR775,2020-06-29,483150.48,ACTIVE
ACC004053,CUST00405,SAVINGS,BR473,2021-09-08,477605.45,DORMANT
ACC004061,CUST00406,SALARY,BR184,2018-09-03,974427.48,ACTIVE
ACC004062,CUST00406,SAVINGS,BR750,2019-07-29,187412.4,BLOCKED
ACC004063,CUST00406,SAVINGS,BR678,2020-07-30,92870.73,BLOCKED
ACC004071,CUST00407,SAVINGS,BR186,2022-08-04,24238.31,DORMANT
ACC004072,CUST00407,SAVINGS,BR698,2025-05-26,278836.62,DORMANT
ACC004081,CUST00408,SALARY,BR406,2020-05-20,698038.12,ACTIVE
ACC004082,CUST00408,SAVINGS,BR451,2024-11-28,863182.44,DORMANT
ACC004083,CUST00408,CURRENT,BR981,2018-06-04,629989.86,BLOCKED
ACC004091,CUST00409,SAVINGS,BR305,2024-07-14,75990.61,ACTIVE
ACC004101,CUST00410,SAVINGS,BR766,2022-08-07,61599.14,BLOCKED
ACC004111,CUST00411,CURRENT,BR427,2025-05-01,209732.2,DORMANT
ACC004112,CUST00411,SALARY,BR993,2021-12-24,213289.66,ACTIVE
ACC004121,CUST00412,SALARY,BR646,2021-10-26,565614.08,ACTIVE
ACC004122,CUST00412,SAVINGS,BR597,2023-06-09,494821.64,DORMANT
ACC004123,CUST00412,SALARY,BR389,2025-11-09,426907.95,ACTIVE
ACC004131,CUST00413,SAVINGS,BR971,2025-10-26,518572.43,BLOCKED
ACC004141,CUST00414,SAVINGS,BR721,2026-01-31,967428.04,BLOCKED
ACC004142,CUST00414,SAVINGS,BR953,2024-06-02,604569.6,ACTIVE
ACC004151,CUST00415,SAVINGS,BR783,2025-01-17,947173.67,BLOCKED
ACC004152,CUST00415,SAVINGS,BR555,2023-06-10,35327.36,BLOCKED
ACC004153,CUST00415,SALARY,BR924,2020-08-14,389741.81,BLOCKED
ACC004161,CUST00416,CURRENT,BR784,2024-05-16,776042.68,DORMANT
ACC004171,CUST00417,CURRENT,BR302,2025-09-06,692673.25,ACTIVE
ACC004172,CUST00417,SALARY,BR220,2023-11-12,361879.65,ACTIVE
ACC004181,CUST00418,CURRENT,BR185,2023-10-03,705162.06,BLOCKED
ACC004191,CUST00419,CURRENT,BR409,2025-05-18,983447.6,ACTIVE
ACC004192,CUST00419,CURRENT,BR287,2025-10-09,619764.35,DORMANT
ACC004201,CUST00420,SALARY,BR356,2019-08-31,975797.77,DORMANT
ACC004202,CUST00420,SALARY,BR832,2025-05-21,48152.46,DORMANT
ACC004203,CUST00420,SALARY,BR419,2024-02-17,854471.25,BLOCKED
ACC004211,CUST00421,SALARY,BR248,2021-12-04,399308.94,BLOCKED
ACC004212,CUST00421,SAVINGS,BR641,2022-03-03,169192.69,DORMANT
ACC004221,CUST00422,SAVINGS,BR392,2021-06-22,673606.06,BLOCKED
ACC004231,CUST00423,CURRENT,BR279,2018-06-28,668939.91,ACTIVE
ACC004241,CUST00424,SAVINGS,BR972,2022-05-13,281436.21,ACTIVE
ACC004242,CUST00424,CURRENT,BR320,2021-03-25,585166.38,DORMANT
ACC004251,CUST00425,SALARY,BR169,2018-08-26,848382.85,ACTIVE
ACC004252,CUST00425,SALARY,BR664,2019-12-06,311509.83,DORMANT
ACC004253,CUST00425,SAVINGS,BR492,2020-10-15,454575.91,DORMANT
ACC004261,CUST00426,SALARY,BR233,2024-12-31,81738.45,ACTIVE
ACC004262,CUST00426,SAVINGS,BR900,2019-06-02,661192.6,ACTIVE
ACC004271,CUST00427,SALARY,BR588,2019-02-12,158182.02,DORMANT
ACC004272,CUST00427,SAVINGS,BR611,2020-11-12,126729.08,BLOCKED
ACC004281,CUST00428,SAVINGS,BR121,2021-03-04,985050.6,ACTIVE
ACC004282,CUST00428,CURRENT,BR961,2025-11-04,637231.97,ACTIVE
ACC004291,CUST00429,SAVINGS,BR680,2020-06-21,280087.32,BLOCKED
ACC004292,CUST00429,SAVINGS,BR443,2023-11-19,66959.44,DORMANT
ACC004301,CUST00430,CURRENT,BR480,2022-11-19,115508.24,ACTIVE
ACC004311,CUST00431,CURRENT,BR246,2024-09-03,696836.87,BLOCKED
ACC004312,CUST00431,SAVINGS,BR687,2020-03-20,84743.05,DORMANT
ACC004313,CUST00431,SALARY,BR111,2023-04-29,128741.67,DORMANT
ACC004321,CUST00432,SALARY,BR818,2025-03-23,463816.7,BLOCKED
ACC004331,CUST00433,CURRENT,BR923,2024-09-28,904351.78,BLOCKED
ACC004332,CUST00433,SAVINGS,BR173,2020-03-06,60561.79,BLOCKED
ACC004333,CUST00433,CURRENT,BR660,2021-10-26,342199.68,DORMANT
ACC004341,CUST00434,SALARY,BR820,2026-02-18,55843.12,ACTIVE
ACC004342,CUST00434,SAVINGS,BR383,2020-03-04,39973.1,BLOCKED
ACC004351,CUST00435,SALARY,BR372,2022-01-30,582142.41,ACTIVE
ACC004352,CUST00435,SALARY,BR590,2022-09-22,612368.24,ACTIVE
ACC004353,CUST00435,SALARY,BR859,2023-12-07,93468.61,DORMANT
ACC004361,CUST00436,SAVINGS,BR472,2020-04-04,250200.04,ACTIVE
ACC004362,CUST00436,CURRENT,BR637,2020-01-09,109734.16,DORMANT
ACC004371,CUST00437,CURRENT,BR929,2025-06-15,645946.13,DORMANT
ACC004372,CUST00437,SALARY,BR793,2023-12-21,156327.28,ACTIVE
ACC004373,CUST00437,SALARY,BR415,2024-07-16,150221.62,ACTIVE
ACC004381,CUST00438,SAVINGS,BR408,2024-08-26,344506.94,DORMANT
ACC004382,CUST00438,SAVINGS,BR222,2023-07-16,888458.47,BLOCKED
ACC004391,CUST00439,SALARY,BR884,2022-04-23,820474.2,DORMANT
ACC004392,CUST00439,SAVINGS,BR628,2018-11-14,330824.87,DORMANT
ACC004393,CUST00439,CURRENT,BR693,2023-04-27,246038.78,DORMANT
ACC004401,CUST00440,SALARY,BR551,2025-07-26,768182.87,BLOCKED
ACC004402,CUST00440,CURRENT,BR722,2018-09-06,824995.05,DORMANT
ACC004403,CUST00440,CURRENT,BR672,2021-11-17,644943.75,ACTIVE
ACC004411,CUST00441,SAVINGS,BR512,2024-11-09,975394.57,BLOCKED
ACC004412,CUST00441,SAVINGS,BR121,2023-02-22,425711.26,DORMANT
ACC004421,CUST00442,CURRENT,BR930,2018-04-28,765485.7,ACTIVE
ACC004431,CUST00443,SALARY,BR711,2024-10-01,959497.92,ACTIVE
ACC004432,CUST00443,CURRENT,BR782,2023-06-03,666306.03,ACTIVE
ACC004441,CUST00444,SALARY,BR652,2024-06-30,366632.97,ACTIVE
ACC004451,CUST00445,SAVINGS,BR829,2018-10-30,542098.41,ACTIVE
ACC004452,CUST00445,SAVINGS,BR912,2019-03-24,68409.81,DORMANT
ACC004453,CUST00445,SALARY,BR743,2018-02-28,962442.55,BLOCKED
ACC004461,CUST00446,CURRENT,BR270,2022-10-17,200316.65,BLOCKED
ACC004462,CUST00446,SALARY,BR114,2023-09-28,913019.43,DORMANT
ACC004471,CUST00447,SAVINGS,BR711,2025-02-09,629530.73,BLOCKED
ACC004481,CUST00448,SALARY,BR251,2022-06-20,586277.94,BLOCKED
ACC004482,CUST00448,SALARY,BR537,2022-06-18,442247.15,ACTIVE
ACC004491,CUST00449,CURRENT,BR940,2021-08-05,838475.33,DORMANT
ACC004492,CUST00449,CURRENT,BR432,2024-05-13,212109.68,ACTIVE
ACC004493,CUST00449,SALARY,BR766,2022-03-23,73966.65,ACTIVE
ACC004501,CUST00450,SALARY,BR388,2024-12-06,344522.78,DORMANT
ACC004502,CUST00450,CURRENT,BR641,2018-06-14,320527.99,BLOCKED
ACC004503,CUST00450,SALARY,BR824,2025-10-07,500944.11,ACTIVE
ACC004511,CUST00451,SALARY,BR712,2019-05-13,914638.22,DORMANT
ACC004512,CUST00451,SALARY,BR571,2024-07-14,657919.01,ACTIVE
ACC004513,CUST00451,SAVINGS,BR891,2024-01-07,33777.13,ACTIVE
ACC004521,CUST00452,SALARY,BR113,2021-01-14,241728.18,BLOCKED
ACC004522,CUST00452,SAVINGS,BR457,2024-10-21,859225.84,BLOCKED
ACC004523,CUST00452,CURRENT,BR918,2019-11-18,694446.11,DORMANT
ACC004531,CUST00453,SAVINGS,BR769,2025-02-10,680222.42,BLOCKED
ACC004532,CUST00453,SALARY,BR434,2022-12-16,458217.11,BLOCKED
ACC004541,CUST00454,SALARY,BR973,2019-01-04,465462.84,BLOCKED
ACC004542,CUST00454,CURRENT,BR328,2024-06-13,556196.37,BLOCKED
ACC004543,CUST00454,SAVINGS,BR299,2020-02-15,973982.31,DORMANT
ACC004551,CUST00455,SALARY,BR868,2025-08-07,165175.88,BLOCKED
ACC004552,CUST00455,CURRENT,BR149,2020-09-21,985382.26,DORMANT
ACC004561,CUST00456,SAVINGS,BR802,2025-01-25,304899.44,DORMANT
ACC004571,CUST00457,SALARY,BR547,2020-07-10,180891.23,ACTIVE
ACC004572,CUST00457,SALARY,BR916,2022-01-25,509576.55,DORMANT
ACC004573,CUST00457,SALARY,BR319,2023-12-03,924332.95,BLOCKED
ACC004581,CUST00458,CURRENT,BR678,2019-07-17,476793.86,DORMANT
ACC004582,CUST00458,SALARY,BR318,2025-06-05,127367.7,BLOCKED
ACC004591,CUST00459,SAVINGS,BR424,2022-10-29,629268.52,DORMANT
ACC004592,CUST00459,SALARY,BR626,2022-10-27,847938.6,BLOCKED
ACC004593,CUST00459,SALARY,BR637,2023-01-13,918385.35,BLOCKED
ACC004601,CUST00460,SAVINGS,BR783,2021-03-22,401139.92,DORMANT
ACC004611,CUST00461,CURRENT,BR232,2025-07-30,409689.8,ACTIVE
ACC004612,CUST00461,SAVINGS,BR915,2018-06-28,906437.35,BLOCKED
ACC004621,CUST00462,SALARY,BR531,2026-02-26,947588.86,ACTIVE
ACC004622,CUST00462,SALARY,BR248,2023-06-01,84840.98,BLOCKED
ACC004623,CUST00462,CURRENT,BR145,2024-11-13,175977.93,ACTIVE
ACC004631,CUST00463,SALARY,BR386,2023-02-01,819552.41,DORMANT
ACC004641,CUST00464,SAVINGS,BR541,2018-11-27,805165.65,BLOCKED
ACC004651,CUST00465,SALARY,BR803,2020-08-27,421441.92,BLOCKED
ACC004652,CUST00465,CURRENT,BR991,2020-07-02,34498.96,DORMANT
ACC004653,CUST00465,SALARY,BR551,2022-06-09,140170.27,ACTIVE
ACC004661,CUST00466,CURRENT,BR362,2020-11-11,457453.03,BLOCKED
ACC004662,CUST00466,CURRENT,BR891,2020-03-02,424761.22,ACTIVE
ACC004663,CUST00466,SALARY,BR743,2020-03-23,871649.12,ACTIVE
ACC004671,CUST00467,SALARY,BR425,2025-11-29,215646.92,ACTIVE
ACC004681,CUST00468,CURRENT,BR413,2021-02-05,947513.84,BLOCKED
ACC004682,CUST00468,SALARY,BR620,2022-11-21,203719.09,DORMANT
ACC004691,CUST00469,SALARY,BR564,2021-12-21,460921.4,DORMANT
ACC004692,CUST00469,SALARY,BR762,2018-03-25,278966.13,DORMANT
ACC004693,CUST00469,CURRENT,BR260,2023-08-15,420344.64,DORMANT
ACC004701,CUST00470,CURRENT,BR923,2023-11-24,223854.2,ACTIVE
ACC004702,CUST00470,SAVINGS,BR635,2019-07-17,613013.16,BLOCKED
ACC004703,CUST00470,CURRENT,BR608,2021-05-24,567675.56,ACTIVE
ACC004711,CUST00471,SAVINGS,BR337,2019-04-19,547696.32,ACTIVE
ACC004712,CUST00471,SALARY,BR882,2019-07-23,892371.33,DORMANT
ACC004721,CUST00472,SALARY,BR424,2023-11-30,896027.92,DORMANT
ACC004722,CUST00472,SALARY,BR828,2020-03-31,676826.46,BLOCKED
ACC004731,CUST00473,CURRENT,BR261,2019-02-12,200526.92,ACTIVE
ACC004732,CUST00473,CURRENT,BR481,2021-11-15,739813.38,DORMANT
ACC004741,CUST00474,SAVINGS,BR381,2024-02-09,403405.37,DORMANT
ACC004742,CUST00474,SALARY,BR220,2025-05-31,696082.3,ACTIVE
ACC004751,CUST00475,SALARY,BR208,2024-08-15,440936.09,BLOCKED
ACC004761,CUST00476,SALARY,BR582,2021-03-09,505911.45,BLOCKED
ACC004762,CUST00476,SAVINGS,BR524,2026-03-23,614714.25,BLOCKED
ACC004763,CUST00476,SAVINGS,BR731,2021-03-13,591558.76,ACTIVE
ACC004771,CUST00477,SALARY,BR285,2025-06-24,382685.14,DORMANT
ACC004772,CUST00477,SAVINGS,BR827,2025-03-03,72729.58,BLOCKED
ACC004781,CUST00478,CURRENT,BR744,2022-11-17,820122.63,DORMANT
ACC004782,CUST00478,CURRENT,BR274,2023-01-08,282907.96,DORMANT
ACC004791,CUST00479,SAVINGS,BR557,2019-01-18,269754.05,DORMANT
ACC004801,CUST00480,SAVINGS,BR335,2023-05-19,461429.76,BLOCKED
ACC004811,CUST00481,SALARY,BR708,2022-11-09,616630.33,DORMANT
ACC004821,CUST00482,CURRENT,BR781,2022-04-13,522610.95,BLOCKED
ACC004822,CUST00482,SAVINGS,BR892,2025-08-27,714563.6,ACTIVE
ACC004831,CUST00483,SALARY,BR990,2022-04-14,510396.59,ACTIVE
ACC004841,CUST00484,SALARY,BR873,2020-04-25,340821.6,DORMANT
ACC004842,CUST00484,SAVINGS,BR723,2019-08-26,687734.5,ACTIVE
ACC004851,CUST00485,SAVINGS,BR974,2025-11-16,290740.69,DORMANT
ACC004852,CUST00485,CURRENT,BR313,2020-08-13,224538.46,ACTIVE
ACC004853,CUST00485,CURRENT,BR297,2021-08-06,504970.89,DORMANT
ACC004861,CUST00486,CURRENT,BR422,2021-06-06,722535.67,ACTIVE
ACC004862,CUST00486,SALARY,BR347,2018-02-28,292108.96,ACTIVE
ACC004871,CUST00487,CURRENT,BR322,2024-07-10,615318.3,ACTIVE
ACC004872,CUST00487,SAVINGS,BR500,2024-05-14,710893.17,BLOCKED
ACC004881,CUST00488,SAVINGS,BR434,2025-10-30,273336.15,DORMANT
ACC004882,CUST00488,SAVINGS,BR292,2024-07-07,683485.87,DORMANT
ACC004891,CUST00489,SALARY,BR733,2022-11-08,86151.77,ACTIVE
ACC004892,CUST00489,SALARY,BR902,2019-09-28,17388.25,BLOCKED
ACC004893,CUST00489,SALARY,BR263,2021-11-12,253629.32,ACTIVE
ACC004901,CUST00490,SAVINGS,BR844,2021-10-30,618779.47,DORMANT
ACC004902,CUST00490,SAVINGS,BR732,2025-06-10,715782.96,DORMANT
ACC004911,CUST00491,CURRENT,BR427,2023-12-25,91981.58,DORMANT
ACC004921,CUST00492,SALARY,BR368,2022-11-07,6527.0,DORMANT
ACC004922,CUST00492,CURRENT,BR864,2025-07-06,966314.39,DORMANT
ACC004931,CUST00493,SALARY,BR904,2022-03-10,12715.39,ACTIVE
ACC004932,CUST00493,SAVINGS,BR252,2024-02-22,117455.17,BLOCKED
ACC004941,CUST00494,SAVINGS,BR610,2023-09-07,891443.81,DORMANT
ACC004942,CUST00494,CURRENT,BR744,2024-04-03,635919.65,ACTIVE
ACC004951,CUST00495,SAVINGS,BR245,2023-07-04,673565.01,DORMANT
ACC004961,CUST00496,SALARY,BR526,2024-05-28,758665.94,BLOCKED
ACC004971,CUST00497,SAVINGS,BR332,2021-02-13,109982.41,BLOCKED
ACC004972,CUST00497,SAVINGS,BR523,2021-06-18,710867.94,DORMANT
ACC004981,CUST00498,SALARY,BR370,2019-12-23,352961.72,BLOCKED
ACC004982,CUST00498,SALARY,BR206,2025-07-06,856414.52,DORMANT
ACC004983,CUST00498,SALARY,BR353,2019-03-22,812740.9,ACTIVE
ACC004991,CUST00499,CURRENT,BR336,2020-02-07,968859.75,BLOCKED
ACC004992,CUST00499,CURRENT,BR257,2024-09-19,473925.37,DORMANT
ACC005001,CUST00500,CURRENT,BR787,2019-02-04,402068.38,ACTIVE
ACC005002,CUST00500,SALARY,BR245,2019-11-28,841995.44,ACTIVE
ACC005011,CUST00501,CURRENT,BR611,2023-05-27,700436.79,ACTIVE
ACC005021,CUST00502,SAVINGS,BR657,2023-02-23,292322.23,DORMANT
ACC005022,CUST00502,SALARY,BR489,2021-01-16,864168.39,ACTIVE
ACC005031,CUST00503,SAVINGS,BR160,2022-08-06,296831.35,DORMANT
ACC005032,CUST00503,SALARY,BR231,2018-08-06,275887.82,ACTIVE
ACC005033,CUST00503,SAVINGS,BR321,2021-05-04,992152.59,BLOCKED
ACC005041,CUST00504,SAVINGS,BR548,2021-09-18,334335.92,DORMANT
ACC005042,CUST00504,SALARY,BR883,2020-04-21,614678.47,BLOCKED
ACC005051,CUST00505,SAVINGS,BR692,2018-12-17,22672.73,DORMANT
ACC005061,CUST00506,CURRENT,BR762,2020-08-27,174975.73,BLOCKED
ACC005062,CUST00506,SALARY,BR663,2018-02-23,508052.18,ACTIVE
ACC005071,CUST00507,SAVINGS,BR232,2022-03-10,10222.14,DORMANT
ACC005072,CUST00507,SALARY,BR614,2021-01-03,767963.68,ACTIVE
ACC005073,CUST00507,CURRENT,BR116,2022-11-22,616137.64,DORMANT
ACC005081,CUST00508,CURRENT,BR201,2019-03-10,485862.59,DORMANT
ACC005082,CUST00508,SALARY,BR163,2018-12-16,681457.75,BLOCKED
ACC005083,CUST00508,SALARY,BR350,2023-09-19,558354.44,BLOCKED
ACC005091,CUST00509,SALARY,BR770,2021-11-21,249383.54,BLOCKED
ACC005092,CUST00509,CURRENT,BR113,2024-04-27,949094.3,BLOCKED
ACC005101,CUST00510,CURRENT,BR315,2023-01-06,17916.41,DORMANT
ACC005111,CUST00511,SAVINGS,BR719,2024-03-05,892506.71,BLOCKED
ACC005112,CUST00511,SALARY,BR218,2018-07-20,161812.16,ACTIVE
ACC005113,CUST00511,CURRENT,BR742,2023-01-08,832899.9,BLOCKED
ACC005121,CUST00512,SAVINGS,BR922,2022-09-03,997035.8,ACTIVE
ACC005122,CUST00512,SAVINGS,BR349,2023-08-03,35298.02,ACTIVE
ACC005123,CUST00512,CURRENT,BR421,2020-06-22,712216.38,DORMANT
ACC005131,CUST00513,SALARY,BR580,2020-10-13,682698.75,ACTIVE
ACC005141,CUST00514,SALARY,BR829,2018-06-05,289337.47,ACTIVE
ACC005142,CUST00514,SALARY,BR118,2019-01-25,681747.3,ACTIVE
ACC005143,CUST00514,CURRENT,BR288,2025-08-09,704685.12,ACTIVE
ACC005151,CUST00515,SAVINGS,BR765,2024-09-23,37895.53,BLOCKED
ACC005152,CUST00515,SALARY,BR111,2022-08-24,964661.21,DORMANT
ACC005153,CUST00515,CURRENT,BR609,2019-11-26,336949.02,ACTIVE
ACC005161,CUST00516,SALARY,BR605,2019-07-16,606552.85,BLOCKED
ACC005162,CUST00516,CURRENT,BR202,2025-07-30,804131.35,BLOCKED
ACC005163,CUST00516,CURRENT,BR503,2020-02-16,595956.31,BLOCKED
ACC005171,CUST00517,SALARY,BR113,2024-07-03,656810.22,BLOCKED
ACC005172,CUST00517,SAVINGS,BR177,2018-06-21,228476.05,DORMANT
ACC005173,CUST00517,SAVINGS,BR125,2022-07-27,783881.11,BLOCKED
ACC005181,CUST00518,SAVINGS,BR748,2022-04-11,978914.24,DORMANT
ACC005182,CUST00518,SAVINGS,BR327,2018-03-16,347771.52,BLOCKED
ACC005191,CUST00519,CURRENT,BR222,2023-04-11,212986.86,ACTIVE
ACC005201,CUST00520,SAVINGS,BR920,2023-08-19,418248.36,ACTIVE
ACC005202,CUST00520,SALARY,BR486,2019-01-18,638742.79,ACTIVE
ACC005203,CUST00520,SAVINGS,BR784,2021-03-04,685274.71,ACTIVE
ACC005211,CUST00521,SAVINGS,BR239,2025-09-01,668521.53,BLOCKED
ACC005212,CUST00521,SAVINGS,BR882,2018-06-16,7639.09,BLOCKED
ACC005221,CUST00522,SALARY,BR949,2022-07-13,418199.52,BLOCKED
ACC005222,CUST00522,SAVINGS,BR845,2018-12-29,607687.81,ACTIVE
ACC005231,CUST00523,SAVINGS,BR560,2026-04-09,616952.47,BLOCKED
ACC005232,CUST00523,CURRENT,BR215,2020-08-26,78117.45,BLOCKED
ACC005241,CUST00524,SALARY,BR247,2022-01-21,880633.91,DORMANT
ACC005242,CUST00524,CURRENT,BR171,2020-12-22,438903.38,BLOCKED
ACC005243,CUST00524,CURRENT,BR184,2018-03-18,129578.49,BLOCKED
ACC005251,CUST00525,CURRENT,BR332,2024-03-29,553408.37,ACTIVE
ACC005252,CUST00525,CURRENT,BR523,2019-05-26,533688.28,DORMANT
ACC005261,CUST00526,SAVINGS,BR342,2021-10-30,846989.54,ACTIVE
ACC005262,CUST00526,CURRENT,BR437,2024-12-04,694854.58,ACTIVE
ACC005263,CUST00526,CURRENT,BR322,2026-01-27,172660.49,BLOCKED
ACC005271,CUST00527,SAVINGS,BR101,2024-06-12,35160.47,DORMANT
ACC005281,CUST00528,CURRENT,BR882,2022-03-26,2515.34,BLOCKED
ACC005291,CUST00529,CURRENT,BR127,2021-10-08,604901.47,DORMANT
ACC005292,CUST00529,SAVINGS,BR888,2024-02-06,322767.72,ACTIVE
ACC005293,CUST00529,CURRENT,BR309,2019-08-03,913558.29,ACTIVE
ACC005301,CUST00530,SAVINGS,BR539,2018-08-27,311811.04,BLOCKED
ACC005311,CUST00531,SAVINGS,BR423,2025-03-15,251126.83,DORMANT
ACC005312,CUST00531,SALARY,BR201,2024-01-29,420202.3,ACTIVE
ACC005321,CUST00532,CURRENT,BR419,2018-05-02,842406.71,DORMANT
ACC005322,CUST00532,CURRENT,BR525,2024-05-27,593337.49,DORMANT
ACC005323,CUST00532,SAVINGS,BR294,2020-05-10,116088.03,BLOCKED
ACC005331,CUST00533,SAVINGS,BR990,2025-05-12,854599.06,ACTIVE
ACC005341,CUST00534,SALARY,BR629,2022-01-04,644708.93,DORMANT
ACC005342,CUST00534,SALARY,BR433,2021-05-27,31153.31,DORMANT
ACC005343,CUST00534,SAVINGS,BR739,2023-01-27,700344.22,DORMANT
ACC005351,CUST00535,SALARY,BR572,2023-08-07,102696.21,BLOCKED
ACC005361,CUST00536,SAVINGS,BR664,2025-12-13,292469.61,DORMANT
ACC005362,CUST00536,CURRENT,BR755,2025-02-25,285179.7,DORMANT
ACC005363,CUST00536,SALARY,BR285,2020-01-31,243733.36,DORMANT
ACC005371,CUST00537,SALARY,BR994,2021-08-09,150201.91,ACTIVE
ACC005372,CUST00537,SAVINGS,BR851,2025-08-09,282536.34,BLOCKED
ACC005373,CUST00537,CURRENT,BR251,2022-01-15,785212.0,BLOCKED
ACC005381,CUST00538,CURRENT,BR998,2018-04-15,701714.95,ACTIVE
ACC005391,CUST00539,CURRENT,BR981,2021-05-15,362923.56,BLOCKED
ACC005392,CUST00539,SALARY,BR297,2020-12-26,796508.12,ACTIVE
ACC005393,CUST00539,SALARY,BR347,2023-05-18,694657.41,DORMANT
ACC005401,CUST00540,CURRENT,BR390,2023-12-24,811607.17,BLOCKED
ACC005402,CUST00540,SAVINGS,BR454,2024-09-25,441883.48,DORMANT
ACC005411,CUST00541,CURRENT,BR365,2019-12-13,117762.02,DORMANT
ACC005412,CUST00541,SAVINGS,BR317,2025-03-26,65243.99,BLOCKED
ACC005421,CUST00542,SALARY,BR920,2024-11-24,491945.48,DORMANT
ACC005431,CUST00543,SAVINGS,BR274,2022-10-02,352267.39,DORMANT
ACC005441,CUST00544,SALARY,BR183,2021-02-10,35168.61,ACTIVE
ACC005442,CUST00544,SAVINGS,BR810,2019-05-04,838541.68,BLOCKED
ACC005451,CUST00545,SAVINGS,BR384,2021-10-15,748298.01,DORMANT
ACC005461,CUST00546,CURRENT,BR982,2021-08-01,216111.14,BLOCKED
ACC005471,CUST00547,SALARY,BR621,2025-10-11,965179.64,ACTIVE
ACC005481,CUST00548,SAVINGS,BR876,2018-04-08,264321.75,BLOCKED
ACC005491,CUST00549,SALARY,BR443,2023-02-28,60833.88,DORMANT
ACC005501,CUST00550,SALARY,BR833,2024-05-25,256107.42,ACTIVE
ACC005502,CUST00550,SALARY,BR825,2021-03-25,745974.7,ACTIVE
ACC005511,CUST00551,CURRENT,BR268,2022-01-25,273431.52,ACTIVE
ACC005512,CUST00551,SAVINGS,BR352,2018-08-02,737464.78,ACTIVE
ACC005521,CUST00552,SAVINGS,BR369,2022-04-15,899392.25,BLOCKED
ACC005522,CUST00552,CURRENT,BR373,2024-11-20,142306.9,DORMANT
ACC005531,CUST00553,SALARY,BR324,2021-06-23,481494.24,DORMANT
ACC005541,CUST00554,SALARY,BR860,2018-09-23,221662.69,BLOCKED
ACC005542,CUST00554,CURRENT,BR985,2024-08-26,903905.69,ACTIVE
ACC005551,CUST00555,SALARY,BR764,2019-07-01,362274.79,ACTIVE
ACC005561,CUST00556,CURRENT,BR455,2019-06-05,830344.08,DORMANT
ACC005562,CUST00556,CURRENT,BR480,2019-04-02,444726.74,ACTIVE
ACC005571,CUST00557,CURRENT,BR824,2025-11-04,422371.25,DORMANT
ACC005581,CUST00558,SAVINGS,BR605,2024-08-15,165562.09,ACTIVE
ACC005591,CUST00559,SALARY,BR270,2026-01-24,457212.39,BLOCKED
ACC005601,CUST00560,CURRENT,BR452,2018-06-01,254763.71,DORMANT
ACC005602,CUST00560,SAVINGS,BR636,2025-07-08,528894.94,BLOCKED
ACC005603,CUST00560,CURRENT,BR477,2020-06-16,10756.67,BLOCKED
ACC005611,CUST00561,SALARY,BR799,2025-11-26,858818.76,ACTIVE
ACC005612,CUST00561,CURRENT,BR950,2023-11-23,645338.18,ACTIVE
ACC005621,CUST00562,SAVINGS,BR828,2021-12-01,673331.75,ACTIVE
ACC005622,CUST00562,CURRENT,BR895,2022-07-23,952671.75,BLOCKED
ACC005623,CUST00562,SAVINGS,BR620,2020-11-03,174508.36,BLOCKED
ACC005631,CUST00563,SALARY,BR743,2025-03-16,856121.81,ACTIVE
ACC005641,CUST00564,SALARY,BR147,2019-07-05,576362.71,BLOCKED
ACC005651,CUST00565,SALARY,BR707,2019-01-14,54536.61,DORMANT
ACC005652,CUST00565,CURRENT,BR456,2019-03-06,792427.89,DORMANT
ACC005653,CUST00565,SAVINGS,BR956,2023-12-18,31163.82,ACTIVE
ACC005661,CUST00566,CURRENT,BR560,2022-12-24,648376.14,ACTIVE
ACC005662,CUST00566,SALARY,BR775,2026-03-31,741452.82,DORMANT
ACC005671,CUST00567,CURRENT,BR439,2026-01-23,301791.5,ACTIVE
ACC005672,CUST00567,SALARY,BR139,2022-10-02,981764.15,BLOCKED
ACC005673,CUST00567,SALARY,BR936,2018-05-10,885833.75,BLOCKED
ACC005681,CUST00568,SALARY,BR179,2019-06-28,114469.56,DORMANT
ACC005691,CUST00569,CURRENT,BR339,2020-01-18,233020.19,BLOCKED
ACC005692,CUST00569,SAVINGS,BR770,2018-12-22,110952.44,ACTIVE
ACC005693,CUST00569,SALARY,BR535,2018-12-02,677901.57,DORMANT
ACC005701,CUST00570,CURRENT,BR283,2025-12-22,826040.04,DORMANT
ACC005711,CUST00571,CURRENT,BR734,2019-12-06,244487.51,BLOCKED
ACC005721,CUST00572,CURRENT,BR833,2021-08-20,14156.37,BLOCKED
ACC005722,CUST00572,CURRENT,BR681,2024-01-16,391780.45,DORMANT
ACC005723,CUST00572,CURRENT,BR166,2025-07-16,823746.61,ACTIVE
ACC005731,CUST00573,SAVINGS,BR679,2025-06-30,732894.32,BLOCKED
ACC005732,CUST00573,CURRENT,BR177,2022-02-19,204278.67,BLOCKED
ACC005733,CUST00573,CURRENT,BR261,2018-06-28,815685.37,BLOCKED
ACC005741,CUST00574,CURRENT,BR556,2024-12-04,801662.31,DORMANT
ACC005742,CUST00574,SALARY,BR411,2019-12-17,548881.05,ACTIVE
ACC005743,CUST00574,SAVINGS,BR258,2025-06-03,579237.58,DORMANT
ACC005751,CUST00575,SALARY,BR341,2018-05-10,435482.92,DORMANT
ACC005761,CUST00576,SAVINGS,BR338,2022-05-01,994852.9,DORMANT
ACC005762,CUST00576,SAVINGS,BR425,2024-02-04,572073.3,DORMANT
ACC005763,CUST00576,SALARY,BR902,2022-04-23,835363.94,DORMANT
ACC005771,CUST00577,CURRENT,BR362,2020-05-26,785441.36,BLOCKED
ACC005781,CUST00578,SAVINGS,BR822,2020-04-11,175147.38,BLOCKED
ACC005791,CUST00579,SALARY,BR171,2018-12-17,812787.02,BLOCKED
ACC005801,CUST00580,CURRENT,BR785,2026-01-11,757262.13,DORMANT
ACC005811,CUST00581,SAVINGS,BR527,2020-08-18,106686.93,ACTIVE
ACC005812,CUST00581,SAVINGS,BR585,2019-02-14,356292.8,DORMANT
ACC005821,CUST00582,CURRENT,BR424,2018-12-25,802420.32,BLOCKED
ACC005822,CUST00582,CURRENT,BR748,2025-11-08,437681.42,ACTIVE
ACC005823,CUST00582,SALARY,BR539,2022-03-09,760136.62,ACTIVE
ACC005831,CUST00583,SAVINGS,BR680,2021-10-25,152577.48,DORMANT
ACC005832,CUST00583,SAVINGS,BR719,2018-08-12,140169.45,DORMANT
ACC005833,CUST00583,CURRENT,BR834,2022-09-24,45272.1,BLOCKED
ACC005841,CUST00584,SAVINGS,BR973,2022-11-04,339808.28,BLOCKED
ACC005842,CUST00584,SALARY,BR282,2019-09-26,570529.33,BLOCKED
ACC005851,CUST00585,CURRENT,BR580,2025-06-26,251022.36,ACTIVE
ACC005861,CUST00586,SALARY,BR976,2020-10-01,100386.78,ACTIVE
ACC005862,CUST00586,SALARY,BR883,2020-03-06,863465.86,ACTIVE
ACC005863,CUST00586,SAVINGS,BR800,2022-09-11,102201.29,BLOCKED
ACC005871,CUST00587,CURRENT,BR968,2025-09-14,3914.33,BLOCKED
ACC005872,CUST00587,CURRENT,BR732,2019-11-15,178019.46,BLOCKED
ACC005873,CUST00587,SAVINGS,BR967,2019-02-18,507398.25,ACTIVE
ACC005881,CUST00588,SAVINGS,BR796,2018-03-13,817539.79,BLOCKED
ACC005891,CUST00589,SALARY,BR579,2019-08-20,641167.96,BLOCKED
ACC005901,CUST00590,SAVINGS,BR748,2023-09-29,74491.76,ACTIVE
ACC005902,CUST00590,CURRENT,BR919,2019-12-17,172305.3,BLOCKED
ACC005903,CUST00590,CURRENT,BR957,2022-03-21,575177.54,ACTIVE
ACC005911,CUST00591,SALARY,BR993,2024-01-23,645437.73,ACTIVE
ACC005912,CUST00591,SAVINGS,BR278,2019-12-03,340651.75,DORMANT
ACC005913,CUST00591,SALARY,BR470,2019-08-25,850332.06,DORMANT
ACC005921,CUST00592,SALARY,BR782,2018-04-26,313629.8,ACTIVE
ACC005922,CUST00592,CURRENT,BR588,2024-02-10,199314.04,ACTIVE
ACC005931,CUST00593,SAVINGS,BR446,2022-08-03,787707.54,BLOCKED
ACC005932,CUST00593,CURRENT,BR679,2023-10-20,786703.58,DORMANT
ACC005933,CUST00593,SALARY,BR106,2025-02-27,516358.98,DORMANT
ACC005941,CUST00594,SAVINGS,BR326,2018-04-03,605761.71,BLOCKED
ACC005951,CUST00595,CURRENT,BR546,2024-03-15,564208.42,DORMANT
ACC005961,CUST00596,CURRENT,BR334,2025-10-30,413208.93,ACTIVE
ACC005962,CUST00596,CURRENT,BR763,2024-03-28,447037.18,BLOCKED
ACC005971,CUST00597,SAVINGS,BR492,2024-06-23,81763.28,ACTIVE
ACC005972,CUST00597,CURRENT,BR551,2024-07-30,876337.13,ACTIVE
ACC005973,CUST00597,SAVINGS,BR530,2025-11-19,718610.78,DORMANT
ACC005981,CUST00598,CURRENT,BR127,2021-08-24,490310.34,DORMANT
ACC005991,CUST00599,SALARY,BR589,2024-12-11,464292.17,DORMANT
ACC005992,CUST00599,SAVINGS,BR939,2023-06-13,317895.14,BLOCKED
ACC006001,CUST00600,CURRENT,BR649,2019-10-18,265736.97,DORMANT
ACC006002,CUST00600,SAVINGS,BR650,2020-12-26,481683.34,BLOCKED
ACC006003,CUST00600,CURRENT,BR714,2025-10-27,259239.91,BLOCKED
ACC006011,CUST00601,CURRENT,BR665,2018-08-20,857813.33,ACTIVE
ACC006021,CUST00602,SALARY,BR177,2020-02-06,950758.63,BLOCKED
ACC006022,CUST00602,SAVINGS,BR458,2025-05-02,400991.39,ACTIVE
ACC006023,CUST00602,SALARY,BR497,2021-07-27,605358.98,BLOCKED
ACC006031,CUST00603,SAVINGS,BR786,2023-11-30,780462.12,ACTIVE
ACC006032,CUST00603,CURRENT,BR781,2021-08-15,136740.9,ACTIVE
ACC006041,CUST00604,SALARY,BR583,2021-09-27,420019.62,ACTIVE
ACC006042,CUST00604,SAVINGS,BR727,2026-03-16,709274.59,DORMANT
ACC006043,CUST00604,SALARY,BR449,2023-07-22,208147.9,ACTIVE
ACC006051,CUST00605,SAVINGS,BR129,2024-09-02,968020.07,BLOCKED
ACC006061,CUST00606,SAVINGS,BR731,2025-09-12,429415.36,ACTIVE
ACC006071,CUST00607,SALARY,BR110,2025-01-04,468857.22,DORMANT
ACC006072,CUST00607,CURRENT,BR243,2021-08-04,204547.41,DORMANT
ACC006073,CUST00607,CURRENT,BR366,2020-07-13,572266.1,ACTIVE
ACC006081,CUST00608,SAVINGS,BR347,2021-01-28,855758.81,ACTIVE
ACC006082,CUST00608,CURRENT,BR202,2020-07-05,448853.15,BLOCKED
ACC006091,CUST00609,SAVINGS,BR161,2022-12-04,568755.17,BLOCKED
ACC006092,CUST00609,SAVINGS,BR109,2020-12-30,345412.8,ACTIVE
ACC006101,CUST00610,SAVINGS,BR866,2021-02-01,755687.61,ACTIVE
ACC006102,CUST00610,SALARY,BR422,2020-12-30,517623.03,BLOCKED
ACC006111,CUST00611,SALARY,BR790,2023-11-18,653565.39,DORMANT
ACC006112,CUST00611,CURRENT,BR202,2018-09-16,148014.62,DORMANT
ACC006121,CUST00612,CURRENT,BR142,2023-07-01,169457.87,DORMANT
ACC006131,CUST00613,SALARY,BR846,2021-03-15,112105.54,ACTIVE
ACC006132,CUST00613,SALARY,BR686,2019-05-23,281665.66,BLOCKED
ACC006141,CUST00614,SALARY,BR107,2022-01-03,299420.06,DORMANT
ACC006142,CUST00614,SALARY,BR651,2022-07-16,377356.65,ACTIVE
ACC006151,CUST00615,CURRENT,BR610,2025-03-31,995378.22,BLOCKED
ACC006152,CUST00615,SALARY,BR957,2020-08-14,444949.88,ACTIVE
ACC006161,CUST00616,SAVINGS,BR519,2020-12-09,711390.48,ACTIVE
ACC006162,CUST00616,SALARY,BR875,2023-11-25,570055.46,DORMANT
ACC006171,CUST00617,CURRENT,BR449,2022-10-14,549770.37,ACTIVE
ACC006172,CUST00617,CURRENT,BR234,2018-10-25,871155.73,BLOCKED
ACC006181,CUST00618,CURRENT,BR283,2023-04-17,962930.28,DORMANT
ACC006182,CUST00618,SALARY,BR162,2024-06-24,660027.99,DORMANT
ACC006191,CUST00619,SALARY,BR148,2022-02-09,278136.33,DORMANT
ACC006192,CUST00619,CURRENT,BR181,2022-11-17,738475.06,DORMANT
ACC006193,CUST00619,SAVINGS,BR531,2025-08-23,445496.36,BLOCKED
ACC006201,CUST00620,CURRENT,BR565,2022-04-28,96073.11,ACTIVE
ACC006211,CUST00621,SALARY,BR206,2025-10-19,633229.94,ACTIVE
ACC006221,CUST00622,SAVINGS,BR967,2022-09-09,248463.94,BLOCKED
ACC006231,CUST00623,SALARY,BR890,2026-04-02,630951.6,DORMANT
ACC006232,CUST00623,SALARY,BR271,2025-04-29,493512.8,BLOCKED
ACC006233,CUST00623,CURRENT,BR434,2026-03-02,931488.33,DORMANT
ACC006241,CUST00624,SAVINGS,BR538,2024-07-12,568156.12,ACTIVE
ACC006251,CUST00625,SALARY,BR554,2022-06-10,912777.89,ACTIVE
ACC006261,CUST00626,SAVINGS,BR290,2019-10-19,30701.7,DORMANT
ACC006262,CUST00626,CURRENT,BR187,2020-09-18,928390.58,ACTIVE
ACC006271,CUST00627,SAVINGS,BR265,2022-10-15,996363.67,DORMANT
ACC006272,CUST00627,SAVINGS,BR280,2018-12-11,661477.49,DORMANT
ACC006273,CUST00627,SALARY,BR438,2025-02-18,147476.79,ACTIVE
ACC006281,CUST00628,CURRENT,BR324,2026-03-30,649027.65,ACTIVE
ACC006291,CUST00629,SAVINGS,BR500,2018-05-31,867413.04,ACTIVE
ACC006292,CUST00629,SALARY,BR716,2025-02-20,457421.64,BLOCKED
ACC006301,CUST00630,SALARY,BR515,2023-09-09,158945.81,DORMANT
ACC006302,CUST00630,CURRENT,BR514,2023-10-24,224528.8,DORMANT
ACC006311,CUST00631,SAVINGS,BR896,2019-10-18,251399.21,ACTIVE
ACC006312,CUST00631,CURRENT,BR230,2020-06-02,586627.41,ACTIVE
ACC006321,CUST00632,CURRENT,BR763,2021-12-22,249749.44,DORMANT
ACC006331,CUST00633,SAVINGS,BR415,2022-05-05,908964.33,ACTIVE
ACC006332,CUST00633,SALARY,BR176,2018-12-05,838209.68,BLOCKED
ACC006333,CUST00633,SALARY,BR522,2024-06-11,80681.11,BLOCKED
ACC006341,CUST00634,SAVINGS,BR441,2023-06-07,131675.28,BLOCKED
ACC006342,CUST00634,CURRENT,BR727,2022-05-02,442721.84,ACTIVE
ACC006343,CUST00634,SAVINGS,BR324,2020-08-05,72414.42,ACTIVE
ACC006351,CUST00635,SALARY,BR606,2023-04-04,696938.67,ACTIVE
ACC006352,CUST00635,CURRENT,BR154,2024-11-30,84492.24,DORMANT
ACC006361,CUST00636,CURRENT,BR693,2019-03-01,264549.11,BLOCKED
ACC006362,CUST00636,SALARY,BR790,2023-10-18,715712.26,DORMANT
ACC006363,CUST00636,SAVINGS,BR119,2024-10-16,900889.06,BLOCKED
ACC006371,CUST00637,CURRENT,BR975,2024-07-01,331161.5,BLOCKED
ACC006372,CUST00637,SALARY,BR894,2019-12-16,990842.41,BLOCKED
ACC006373,CUST00637,SALARY,BR662,2023-09-14,330334.07,ACTIVE
ACC006381,CUST00638,SALARY,BR816,2020-01-04,829320.54,BLOCKED
ACC006382,CUST00638,SALARY,BR464,2020-07-04,284772.78,ACTIVE
ACC006383,CUST00638,SAVINGS,BR202,2020-07-20,579200.89,ACTIVE
ACC006391,CUST00639,CURRENT,BR315,2019-04-23,690570.39,BLOCKED
ACC006401,CUST00640,SALARY,BR744,2022-06-02,754106.48,BLOCKED
ACC006402,CUST00640,SAVINGS,BR183,2023-08-21,481221.77,DORMANT
ACC006403,CUST00640,SAVINGS,BR713,2024-08-08,858297.88,ACTIVE
ACC006411,CUST00641,SALARY,BR217,2020-08-21,474919.69,BLOCKED
ACC006412,CUST00641,SALARY,BR193,2022-03-06,475139.84,BLOCKED
ACC006421,CUST00642,SAVINGS,BR745,2022-02-11,493857.76,BLOCKED
ACC006422,CUST00642,CURRENT,BR384,2022-02-22,359545.27,BLOCKED
ACC006431,CUST00643,SAVINGS,BR591,2022-09-06,486098.5,DORMANT
ACC006432,CUST00643,SAVINGS,BR941,2021-01-08,165347.07,BLOCKED
ACC006433,CUST00643,CURRENT,BR262,2025-06-28,842569.76,BLOCKED
ACC006441,CUST00644,SAVINGS,BR821,2022-09-02,178437.35,DORMANT
ACC006442,CUST00644,CURRENT,BR214,2019-10-07,3241.42,ACTIVE
ACC006451,CUST00645,SAVINGS,BR680,2019-10-15,148513.57,DORMANT
ACC006461,CUST00646,SAVINGS,BR911,2018-04-19,845161.32,BLOCKED
ACC006462,CUST00646,CURRENT,BR370,2023-05-27,526333.92,BLOCKED
ACC006471,CUST00647,CURRENT,BR207,2021-12-11,510796.32,BLOCKED
ACC006472,CUST00647,SALARY,BR596,2023-09-03,663636.24,ACTIVE
ACC006481,CUST00648,SALARY,BR328,2024-05-20,284168.52,BLOCKED
ACC006491,CUST00649,CURRENT,BR994,2024-08-16,596191.72,BLOCKED
ACC006501,CUST00650,SAVINGS,BR885,2019-01-29,859201.24,BLOCKED
ACC006502,CUST00650,CURRENT,BR324,2024-02-27,474801.35,DORMANT
ACC006503,CUST00650,SALARY,BR644,2022-03-02,58159.69,DORMANT
ACC006511,CUST00651,SALARY,BR690,2018-10-15,617101.49,BLOCKED
ACC006521,CUST00652,SAVINGS,BR327,2020-04-30,236389.45,DORMANT
ACC006522,CUST00652,SAVINGS,BR459,2026-04-04,297976.06,DORMANT
ACC006531,CUST00653,CURRENT,BR305,2024-10-05,78601.08,ACTIVE
ACC006541,CUST00654,SALARY,BR961,2021-03-16,839194.84,DORMANT
ACC006542,CUST00654,CURRENT,BR895,2018-06-06,334480.42,DORMANT
ACC006551,CUST00655,SAVINGS,BR674,2025-12-29,407629.36,BLOCKED
ACC006561,CUST00656,SALARY,BR145,2021-03-25,994645.28,ACTIVE
ACC006571,CUST00657,SAVINGS,BR899,2024-04-12,574727.02,BLOCKED
ACC006581,CUST00658,SAVINGS,BR515,2021-06-26,770791.2,ACTIVE
ACC006582,CUST00658,SALARY,BR454,2024-09-04,906292.18,BLOCKED
ACC006591,CUST00659,SAVINGS,BR243,2025-01-28,883159.63,ACTIVE
ACC006592,CUST00659,SAVINGS,BR961,2018-12-10,612043.82,BLOCKED
ACC006593,CUST00659,CURRENT,BR373,2026-01-29,495051.82,ACTIVE
ACC006601,CUST00660,CURRENT,BR786,2020-01-18,67260.87,DORMANT
ACC006602,CUST00660,SAVINGS,BR845,2021-03-07,790902.86,ACTIVE
ACC006603,CUST00660,SAVINGS,BR243,2020-08-24,240980.12,ACTIVE
ACC006611,CUST00661,SALARY,BR575,2021-09-08,659689.49,DORMANT
ACC006612,CUST00661,SALARY,BR459,2019-07-18,16560.98,BLOCKED
ACC006613,CUST00661,SALARY,BR988,2020-04-07,307519.27,BLOCKED
ACC006621,CUST00662,SAVINGS,BR813,2020-08-11,863119.04,DORMANT
ACC006631,CUST00663,SALARY,BR517,2025-02-19,482990.07,ACTIVE
ACC006632,CUST00663,CURRENT,BR759,2019-12-20,497474.17,DORMANT
ACC006641,CUST00664,SALARY,BR396,2022-01-25,930870.89,BLOCKED
ACC006642,CUST00664,SALARY,BR841,2021-05-18,608181.58,ACTIVE
ACC006643,CUST00664,SALARY,BR569,2020-09-06,47319.15,BLOCKED
ACC006651,CUST00665,SAVINGS,BR221,2025-12-12,22681.58,DORMANT
ACC006652,CUST00665,SALARY,BR464,2022-05-05,869094.51,DORMANT
ACC006661,CUST00666,SALARY,BR884,2023-04-09,218143.71,DORMANT
ACC006671,CUST00667,SAVINGS,BR431,2018-12-06,123382.82,DORMANT
ACC006672,CUST00667,SAVINGS,BR924,2024-06-14,481134.67,DORMANT
ACC006673,CUST00667,SALARY,BR677,2022-08-02,538348.12,DORMANT
ACC006681,CUST00668,SAVINGS,BR427,2025-12-08,908888.01,ACTIVE
ACC006682,CUST00668,SAVINGS,BR347,2020-11-30,151794.46,ACTIVE
ACC006683,CUST00668,SAVINGS,BR128,2023-12-28,751857.42,ACTIVE
ACC006691,CUST00669,SALARY,BR466,2022-06-19,591331.9,BLOCKED
ACC006701,CUST00670,SALARY,BR520,2025-03-12,260959.14,DORMANT
ACC006702,CUST00670,SAVINGS,BR776,2025-07-14,807195.42,DORMANT
ACC006711,CUST00671,CURRENT,BR513,2024-07-09,951357.49,ACTIVE
ACC006712,CUST00671,CURRENT,BR585,2020-11-20,651942.66,ACTIVE
ACC006721,CUST00672,SAVINGS,BR401,2018-07-18,579114.73,DORMANT
ACC006722,CUST00672,CURRENT,BR442,2018-11-05,815285.27,DORMANT
ACC006731,CUST00673,CURRENT,BR289,2020-01-08,485910.93,ACTIVE
ACC006741,CUST00674,CURRENT,BR740,2024-03-28,412141.62,BLOCKED
ACC006742,CUST00674,CURRENT,BR974,2026-01-25,853823.83,DORMANT
ACC006751,CUST00675,SAVINGS,BR590,2020-09-17,407684.87,ACTIVE
ACC006761,CUST00676,SALARY,BR838,2022-05-14,406530.54,DORMANT
ACC006771,CUST00677,CURRENT,BR424,2023-09-13,45380.45,BLOCKED
ACC006772,CUST00677,SAVINGS,BR181,2019-06-13,277440.48,BLOCKED
ACC006781,CUST00678,SALARY,BR887,2021-02-12,758616.89,BLOCKED
ACC006791,CUST00679,SALARY,BR829,2019-07-02,464975.7,DORMANT
ACC006792,CUST00679,SALARY,BR805,2020-06-09,253404.83,BLOCKED
ACC006793,CUST00679,SALARY,BR803,2026-02-01,489942.08,ACTIVE
ACC006801,CUST00680,SALARY,BR928,2024-01-06,128357.84,ACTIVE
ACC006802,CUST00680,SAVINGS,BR226,2020-11-13,891177.84,BLOCKED
ACC006811,CUST00681,SALARY,BR193,2020-02-19,333237.42,DORMANT
ACC006812,CUST00681,SALARY,BR183,2024-11-22,44741.22,BLOCKED
ACC006821,CUST00682,SAVINGS,BR248,2024-06-21,689964.49,BLOCKED
ACC006822,CUST00682,CURRENT,BR819,2019-07-09,835046.92,BLOCKED
ACC006831,CUST00683,SALARY,BR646,2022-04-26,658172.25,BLOCKED
ACC006832,CUST00683,SAVINGS,BR435,2020-04-05,824863.64,DORMANT
ACC006833,CUST00683,SAVINGS,BR266,2019-09-07,522440.63,BLOCKED
ACC006841,CUST00684,SAVINGS,BR174,2021-03-10,507997.35,BLOCKED
ACC006842,CUST00684,SAVINGS,BR126,2018-04-10,713676.64,ACTIVE
ACC006843,CUST00684,SAVINGS,BR357,2018-10-31,174349.36,DORMANT
ACC006851,CUST00685,CURRENT,BR524,2024-03-06,620291.65,BLOCKED
ACC006852,CUST00685,SALARY,BR271,2022-11-24,17780.25,BLOCKED
ACC006853,CUST00685,SALARY,BR359,2019-03-24,154062.02,DORMANT
ACC006861,CUST00686,SALARY,BR482,2024-07-17,263698.4,ACTIVE
ACC006862,CUST00686,SAVINGS,BR756,2024-10-23,484049.21,BLOCKED
ACC006863,CUST00686,SAVINGS,BR882,2025-04-24,276757.04,DORMANT
ACC006871,CUST00687,SAVINGS,BR160,2020-06-18,336802.28,ACTIVE
ACC006872,CUST00687,SALARY,BR317,2025-06-24,860075.38,BLOCKED
ACC006873,CUST00687,SAVINGS,BR491,2019-06-24,375254.96,BLOCKED
ACC006881,CUST00688,SAVINGS,BR623,2019-05-23,559599.01,ACTIVE
ACC006891,CUST00689,SALARY,BR897,2020-03-07,145412.36,DORMANT
ACC006892,CUST00689,CURRENT,BR340,2018-08-04,368849.52,ACTIVE
ACC006901,CUST00690,SAVINGS,BR976,2023-04-05,492411.85,ACTIVE
ACC006911,CUST00691,CURRENT,BR458,2022-08-05,771023.23,ACTIVE
ACC006912,CUST00691,SAVINGS,BR836,2019-03-08,978926.98,ACTIVE
ACC006921,CUST00692,SAVINGS,BR795,2020-02-11,628667.4,BLOCKED
ACC006922,CUST00692,SAVINGS,BR412,2019-01-28,926812.44,BLOCKED
ACC006931,CUST00693,SALARY,BR900,2019-11-21,63375.26,ACTIVE
ACC006932,CUST00693,SALARY,BR859,2022-05-06,123158.38,DORMANT
ACC006933,CUST00693,SALARY,BR526,2024-08-12,364883.79,BLOCKED
ACC006941,CUST00694,SALARY,BR206,2021-07-07,134132.12,DORMANT
ACC006942,CUST00694,SAVINGS,BR515,2019-09-11,362046.41,DORMANT
ACC006951,CUST00695,SALARY,BR873,2024-04-30,419683.08,ACTIVE
ACC006952,CUST00695,SALARY,BR198,2020-09-08,476519.67,BLOCKED
ACC006953,CUST00695,SALARY,BR781,2025-10-18,964698.87,ACTIVE
ACC006961,CUST00696,CURRENT,BR638,2021-09-04,162824.96,ACTIVE
ACC006971,CUST00697,SALARY,BR687,2025-10-15,365711.08,DORMANT
ACC006972,CUST00697,SAVINGS,BR995,2026-01-07,713152.65,DORMANT
ACC006981,CUST00698,SALARY,BR755,2024-10-31,353335.58,BLOCKED
ACC006991,CUST00699,CURRENT,BR186,2025-05-09,868867.97,ACTIVE
ACC006992,CUST00699,SALARY,BR103,2019-07-10,949080.27,BLOCKED
ACC007001,CUST00700,SALARY,BR799,2018-05-24,857686.99,DORMANT
ACC007002,CUST00700,SALARY,BR359,2021-10-05,714501.71,BLOCKED
ACC007011,CUST00701,SALARY,BR216,2024-09-10,721545.08,DORMANT
ACC007021,CUST00702,SAVINGS,BR124,2024-09-16,223518.34,BLOCKED
ACC007022,CUST00702,SALARY,BR574,2018-05-22,538488.64,BLOCKED
ACC007031,CUST00703,SALARY,BR592,2022-03-09,485541.26,DORMANT
ACC007041,CUST00704,CURRENT,BR803,2024-03-15,34753.22,ACTIVE
ACC007042,CUST00704,SALARY,BR695,2021-01-12,836412.14,ACTIVE
ACC007043,CUST00704,CURRENT,BR608,2024-10-29,760510.24,ACTIVE
ACC007051,CUST00705,SAVINGS,BR510,2021-03-05,987119.1,BLOCKED
ACC007052,CUST00705,SAVINGS,BR245,2020-06-04,416970.21,ACTIVE
ACC007061,CUST00706,SALARY,BR206,2019-03-21,541787.84,BLOCKED
ACC007071,CUST00707,SAVINGS,BR628,2024-08-07,913499.21,BLOCKED
ACC007072,CUST00707,CURRENT,BR993,2023-10-11,508651.73,ACTIVE
ACC007081,CUST00708,SALARY,BR675,2019-11-10,549063.11,DORMANT
ACC007082,CUST00708,SAVINGS,BR975,2021-07-07,230498.8,ACTIVE
ACC007091,CUST00709,SALARY,BR999,2022-08-29,347839.64,DORMANT
ACC007092,CUST00709,CURRENT,BR294,2025-07-05,337257.24,BLOCKED
ACC007093,CUST00709,SAVINGS,BR817,2022-08-17,307622.3,BLOCKED
ACC007101,CUST00710,SAVINGS,BR377,2024-08-23,847480.51,DORMANT
ACC007102,CUST00710,SAVINGS,BR132,2019-10-03,781080.03,DORMANT
ACC007103,CUST00710,CURRENT,BR847,2019-12-04,315907.26,BLOCKED
ACC007111,CUST00711,SALARY,BR480,2021-03-04,829526.72,DORMANT
ACC007112,CUST00711,CURRENT,BR481,2022-09-11,268075.1,ACTIVE
ACC007113,CUST00711,CURRENT,BR773,2023-11-23,212674.8,DORMANT
ACC007121,CUST00712,CURRENT,BR470,2022-02-26,236492.58,DORMANT
ACC007122,CUST00712,SALARY,BR450,2025-11-01,631229.77,DORMANT
ACC007123,CUST00712,CURRENT,BR186,2021-02-21,272390.56,ACTIVE
ACC007131,CUST00713,CURRENT,BR408,2024-05-27,199046.51,ACTIVE
ACC007132,CUST00713,CURRENT,BR469,2024-02-21,443832.24,DORMANT
ACC007141,CUST00714,SALARY,BR310,2018-10-13,845681.78,DORMANT
ACC007142,CUST00714,CURRENT,BR792,2018-10-15,864735.39,ACTIVE
ACC007151,CUST00715,SALARY,BR721,2023-11-21,383385.95,ACTIVE
ACC007152,CUST00715,SALARY,BR849,2023-04-03,951129.1,DORMANT
ACC007153,CUST00715,SAVINGS,BR511,2025-07-29,755785.73,ACTIVE
ACC007161,CUST00716,SAVINGS,BR804,2019-08-23,901259.42,ACTIVE
ACC007162,CUST00716,CURRENT,BR438,2024-10-26,596356.66,BLOCKED
ACC007171,CUST00717,CURRENT,BR523,2019-10-26,68004.83,BLOCKED
ACC007181,CUST00718,SAVINGS,BR571,2022-06-17,24558.72,BLOCKED
ACC007182,CUST00718,SALARY,BR880,2020-02-23,638323.41,BLOCKED
ACC007191,CUST00719,CURRENT,BR304,2020-05-27,630438.47,DORMANT
ACC007192,CUST00719,SALARY,BR970,2024-06-07,261602.43,ACTIVE
ACC007201,CUST00720,SALARY,BR791,2019-04-20,995772.9,BLOCKED
ACC007202,CUST00720,SALARY,BR315,2022-10-26,224404.75,ACTIVE
ACC007211,CUST00721,SALARY,BR231,2019-03-13,388126.06,DORMANT
ACC007221,CUST00722,SAVINGS,BR799,2021-08-01,643353.63,ACTIVE
ACC007222,CUST00722,CURRENT,BR867,2019-07-18,275144.28,ACTIVE
ACC007231,CUST00723,SALARY,BR425,2026-03-08,902670.48,DORMANT
ACC007232,CUST00723,SAVINGS,BR964,2023-01-20,150997.13,ACTIVE
ACC007241,CUST00724,SALARY,BR761,2021-05-21,49406.56,BLOCKED
ACC007242,CUST00724,CURRENT,BR445,2024-08-22,639110.02,ACTIVE
ACC007243,CUST00724,CURRENT,BR946,2024-03-21,587642.56,ACTIVE
ACC007251,CUST00725,SAVINGS,BR726,2021-02-25,219996.71,BLOCKED
ACC007261,CUST00726,SALARY,BR234,2025-04-07,990421.56,ACTIVE
ACC007262,CUST00726,CURRENT,BR942,2022-03-10,337110.09,DORMANT
ACC007271,CUST00727,CURRENT,BR797,2024-11-15,86362.14,DORMANT
ACC007281,CUST00728,SALARY,BR399,2018-10-19,804279.22,ACTIVE
ACC007282,CUST00728,SAVINGS,BR735,2020-12-08,283431.78,BLOCKED
ACC007291,CUST00729,CURRENT,BR810,2023-12-30,291332.42,ACTIVE
ACC007292,CUST00729,CURRENT,BR483,2020-07-08,848453.95,BLOCKED
ACC007293,CUST00729,SAVINGS,BR288,2023-11-15,2199.16,ACTIVE
ACC007301,CUST00730,SAVINGS,BR121,2025-09-30,57537.3,ACTIVE
ACC007302,CUST00730,CURRENT,BR678,2024-12-25,572633.5,DORMANT
ACC007311,CUST00731,SALARY,BR939,2018-06-30,873491.63,DORMANT
ACC007321,CUST00732,SALARY,BR517,2021-08-11,387247.04,BLOCKED
ACC007322,CUST00732,SAVINGS,BR792,2018-10-10,229096.49,DORMANT
ACC007323,CUST00732,SALARY,BR660,2024-07-03,946888.31,BLOCKED
ACC007331,CUST00733,SALARY,BR756,2019-01-31,907332.31,DORMANT
ACC007332,CUST00733,CURRENT,BR380,2024-07-06,533695.07,ACTIVE
ACC007341,CUST00734,SAVINGS,BR132,2024-06-07,42805.11,BLOCKED
ACC007342,CUST00734,CURRENT,BR859,2020-11-19,553592.63,DORMANT
ACC007351,CUST00735,SAVINGS,BR219,2018-10-29,672565.92,BLOCKED
ACC007352,CUST00735,SAVINGS,BR961,2024-10-21,521945.12,BLOCKED
ACC007353,CUST00735,CURRENT,BR158,2018-11-27,543792.42,BLOCKED
ACC007361,CUST00736,CURRENT,BR856,2024-06-22,846944.27,DORMANT
ACC007362,CUST00736,SAVINGS,BR968,2022-08-21,4880.74,BLOCKED
ACC007371,CUST00737,CURRENT,BR604,2024-09-08,391940.98,ACTIVE
ACC007372,CUST00737,SAVINGS,BR324,2021-05-23,536704.55,DORMANT
ACC007373,CUST00737,CURRENT,BR603,2024-03-11,984874.91,BLOCKED
ACC007381,CUST00738,SALARY,BR796,2023-12-19,465428.9,BLOCKED
ACC007391,CUST00739,CURRENT,BR255,2021-05-12,551078.54,BLOCKED
ACC007392,CUST00739,SALARY,BR940,2023-12-04,785160.12,ACTIVE
ACC007393,CUST00739,SAVINGS,BR793,2020-11-24,726248.13,BLOCKED
ACC007401,CUST00740,CURRENT,BR673,2020-09-29,835194.95,BLOCKED
ACC007402,CUST00740,SALARY,BR558,2020-05-11,530752.32,ACTIVE
ACC007411,CUST00741,CURRENT,BR880,2023-04-15,209307.51,DORMANT
ACC007412,CUST00741,CURRENT,BR398,2022-08-02,542956.42,BLOCKED
ACC007421,CUST00742,SALARY,BR161,2022-05-03,599135.95,DORMANT
ACC007422,CUST00742,SALARY,BR435,2023-06-06,394932.27,DORMANT
ACC007423,CUST00742,SAVINGS,BR643,2020-02-27,751173.22,DORMANT
ACC007431,CUST00743,CURRENT,BR329,2021-11-06,175922.39,BLOCKED
ACC007441,CUST00744,CURRENT,BR644,2021-05-27,974897.2,DORMANT
ACC007442,CUST00744,SAVINGS,BR131,2023-01-25,527108.25,DORMANT
ACC007451,CUST00745,CURRENT,BR134,2020-01-08,402399.56,BLOCKED
ACC007452,CUST00745,SAVINGS,BR533,2020-11-21,434270.36,ACTIVE
ACC007461,CUST00746,CURRENT,BR240,2022-03-28,290705.19,BLOCKED
ACC007471,CUST00747,CURRENT,BR624,2019-03-04,677197.57,BLOCKED
ACC007472,CUST00747,CURRENT,BR998,2025-12-11,461489.1,ACTIVE
ACC007481,CUST00748,SAVINGS,BR195,2021-07-01,46307.55,ACTIVE
ACC007491,CUST00749,SAVINGS,BR957,2021-11-25,655040.84,ACTIVE
ACC007492,CUST00749,CURRENT,BR993,2020-02-08,800455.49,ACTIVE
ACC007493,CUST00749,SAVINGS,BR125,2018-03-15,318857.96,DORMANT
ACC007501,CUST00750,CURRENT,BR191,2024-05-26,729528.38,DORMANT
ACC007502,CUST00750,SALARY,BR315,2019-10-01,85665.04,BLOCKED
ACC007503,CUST00750,CURRENT,BR214,2024-06-20,119083.06,DORMANT
ACC007511,CUST00751,SALARY,BR295,2021-01-27,474882.37,ACTIVE
ACC007512,CUST00751,SAVINGS,BR566,2020-10-27,166000.87,BLOCKED
ACC007513,CUST00751,SALARY,BR513,2020-10-20,578595.81,DORMANT
ACC007521,CUST00752,SALARY,BR591,2023-05-20,478911.73,ACTIVE
ACC007522,CUST00752,CURRENT,BR164,2020-10-24,135097.34,BLOCKED
ACC007523,CUST00752,SALARY,BR793,2021-09-21,574061.91,DORMANT
ACC007531,CUST00753,SAVINGS,BR153,2019-02-13,221932.37,BLOCKED
ACC007532,CUST00753,SAVINGS,BR930,2021-11-20,597746.17,DORMANT
ACC007541,CUST00754,SALARY,BR772,2020-02-05,1641.36,ACTIVE
ACC007551,CUST00755,CURRENT,BR765,2026-04-04,666099.84,ACTIVE
ACC007561,CUST00756,SALARY,BR879,2019-12-15,618652.21,BLOCKED
ACC007562,CUST00756,CURRENT,BR507,2018-12-25,111452.92,DORMANT
ACC007563,CUST00756,CURRENT,BR899,2021-01-20,567174.0,BLOCKED
ACC007571,CUST00757,SALARY,BR631,2020-08-10,473973.96,BLOCKED
ACC007572,CUST00757,SALARY,BR775,2021-11-20,398767.31,ACTIVE
ACC007581,CUST00758,SALARY,BR905,2018-05-03,821361.43,DORMANT
ACC007582,CUST00758,CURRENT,BR593,2019-08-08,192620.39,DORMANT
ACC007583,CUST00758,SAVINGS,BR416,2018-07-13,185716.11,BLOCKED
ACC007591,CUST00759,SAVINGS,BR876,2024-02-09,21620.75,DORMANT
ACC007601,CUST00760,SAVINGS,BR356,2026-02-04,966937.25,ACTIVE
ACC007602,CUST00760,CURRENT,BR273,2021-05-27,601717.0,ACTIVE
ACC007611,CUST00761,SAVINGS,BR641,2022-03-14,91579.65,ACTIVE
ACC007612,CUST00761,SALARY,BR206,2025-06-08,356793.95,ACTIVE
ACC007613,CUST00761,CURRENT,BR344,2022-08-25,535980.38,ACTIVE
ACC007621,CUST00762,SAVINGS,BR138,2025-07-12,752902.09,ACTIVE
ACC007631,CUST00763,SAVINGS,BR512,2023-11-17,40967.75,ACTIVE
ACC007632,CUST00763,CURRENT,BR277,2021-09-20,31487.13,DORMANT
ACC007633,CUST00763,SAVINGS,BR866,2022-03-23,939012.18,DORMANT
ACC007641,CUST00764,CURRENT,BR747,2022-09-11,982029.61,DORMANT
ACC007642,CUST00764,SAVINGS,BR789,2018-02-24,332802.09,DORMANT
ACC007643,CUST00764,SAVINGS,BR140,2023-08-26,545318.59,BLOCKED
ACC007651,CUST00765,SAVINGS,BR265,2018-11-10,227102.69,ACTIVE
ACC007652,CUST00765,SAVINGS,BR638,2025-03-19,799759.59,DORMANT
ACC007653,CUST00765,SAVINGS,BR936,2021-12-21,216223.22,ACTIVE
ACC007661,CUST00766,CURRENT,BR383,2024-10-10,592936.12,ACTIVE
ACC007662,CUST00766,CURRENT,BR910,2023-01-06,721345.84,BLOCKED
ACC007671,CUST00767,CURRENT,BR978,2025-04-30,84001.9,ACTIVE
ACC007672,CUST00767,CURRENT,BR610,2023-05-10,685459.06,BLOCKED
ACC007673,CUST00767,SAVINGS,BR913,2022-08-09,963703.54,BLOCKED
ACC007681,CUST00768,SALARY,BR175,2019-10-09,615062.21,DORMANT
ACC007682,CUST00768,SAVINGS,BR336,2019-09-06,350043.56,BLOCKED
ACC007683,CUST00768,SAVINGS,BR809,2019-07-19,989739.96,ACTIVE
ACC007691,CUST00769,SALARY,BR920,2019-12-16,325593.89,BLOCKED
ACC007701,CUST00770,SALARY,BR395,2019-04-05,801726.69,BLOCKED
ACC007711,CUST00771,SALARY,BR579,2024-09-08,347346.52,BLOCKED
ACC007712,CUST00771,CURRENT,BR548,2022-12-16,488805.22,ACTIVE
ACC007721,CUST00772,SAVINGS,BR544,2023-07-07,335858.37,DORMANT
ACC007722,CUST00772,SALARY,BR438,2025-07-01,859022.75,ACTIVE
ACC007731,CUST00773,SALARY,BR720,2019-03-31,890083.35,DORMANT
ACC007741,CUST00774,SALARY,BR765,2019-08-18,137085.47,ACTIVE
ACC007751,CUST00775,SALARY,BR217,2023-01-11,491464.54,DORMANT
ACC007752,CUST00775,SALARY,BR803,2024-12-09,36926.54,DORMANT
ACC007753,CUST00775,SALARY,BR892,2024-04-03,606343.9,BLOCKED
ACC007761,CUST00776,CURRENT,BR295,2020-05-29,450387.99,BLOCKED
ACC007762,CUST00776,SALARY,BR581,2020-12-02,410798.73,ACTIVE
ACC007763,CUST00776,SALARY,BR828,2025-07-15,400733.6,BLOCKED
ACC007771,CUST00777,SAVINGS,BR921,2020-04-15,284693.16,ACTIVE
ACC007772,CUST00777,SALARY,BR845,2022-01-16,977282.37,DORMANT
ACC007773,CUST00777,CURRENT,BR100,2021-01-12,267045.98,BLOCKED
ACC007781,CUST00778,SALARY,BR116,2025-11-23,375538.54,BLOCKED
ACC007791,CUST00779,SAVINGS,BR884,2022-04-01,213537.17,DORMANT
ACC007801,CUST00780,SALARY,BR599,2025-07-10,110199.42,ACTIVE
ACC007802,CUST00780,SAVINGS,BR189,2018-05-13,581234.49,DORMANT
ACC007803,CUST00780,CURRENT,BR625,2024-11-27,837303.2,BLOCKED
ACC007811,CUST00781,SAVINGS,BR489,2022-01-05,619214.67,ACTIVE
ACC007812,CUST00781,CURRENT,BR496,2024-08-24,878267.68,BLOCKED
ACC007813,CUST00781,CURRENT,BR569,2021-06-11,498024.31,DORMANT
ACC007821,CUST00782,CURRENT,BR483,2020-07-21,536002.25,DORMANT
ACC007831,CUST00783,CURRENT,BR412,2024-03-25,661701.38,BLOCKED
ACC007832,CUST00783,SALARY,BR931,2023-04-01,548210.68,BLOCKED
ACC007833,CUST00783,CURRENT,BR697,2025-06-13,276331.66,DORMANT
ACC007841,CUST00784,SAVINGS,BR292,2019-12-03,661738.82,BLOCKED
ACC007842,CUST00784,SAVINGS,BR452,2021-10-03,934189.55,BLOCKED
ACC007843,CUST00784,SALARY,BR222,2021-07-15,996666.06,BLOCKED
ACC007851,CUST00785,SALARY,BR203,2026-03-26,801970.94,ACTIVE
ACC007852,CUST00785,CURRENT,BR509,2026-01-20,442908.74,DORMANT
ACC007853,CUST00785,SAVINGS,BR636,2019-12-15,510787.6,BLOCKED
ACC007861,CUST00786,CURRENT,BR582,2023-09-08,125428.04,ACTIVE
ACC007862,CUST00786,CURRENT,BR611,2019-01-06,984108.87,DORMANT
ACC007863,CUST00786,CURRENT,BR265,2021-01-16,189067.98,ACTIVE
ACC007871,CUST00787,SALARY,BR621,2018-07-22,593144.01,DORMANT
ACC007872,CUST00787,CURRENT,BR452,2022-02-10,937642.31,BLOCKED
ACC007881,CUST00788,CURRENT,BR210,2022-09-20,775183.47,BLOCKED
ACC007882,CUST00788,SAVINGS,BR842,2023-12-10,223315.81,ACTIVE
ACC007883,CUST00788,SAVINGS,BR607,2020-06-04,754446.15,DORMANT
ACC007891,CUST00789,CURRENT,BR737,2025-02-09,95887.39,DORMANT
ACC007901,CUST00790,CURRENT,BR209,2024-07-02,608428.55,ACTIVE
ACC007902,CUST00790,SAVINGS,BR505,2019-01-17,366282.88,BLOCKED
ACC007911,CUST00791,CURRENT,BR582,2018-05-27,500506.43,BLOCKED
ACC007921,CUST00792,SAVINGS,BR781,2022-05-17,635525.84,BLOCKED
ACC007922,CUST00792,SAVINGS,BR123,2023-07-14,266851.98,DORMANT
ACC007923,CUST00792,SAVINGS,BR599,2022-04-21,395722.22,ACTIVE
ACC007931,CUST00793,SAVINGS,BR186,2018-12-08,576404.66,BLOCKED
ACC007941,CUST00794,SAVINGS,BR785,2021-04-09,343497.85,BLOCKED
ACC007942,CUST00794,SALARY,BR234,2022-03-20,773740.8,BLOCKED
ACC007951,CUST00795,SAVINGS,BR552,2023-06-18,244534.03,DORMANT
ACC007952,CUST00795,CURRENT,BR157,2024-12-27,56126.45,DORMANT
ACC007961,CUST00796,SAVINGS,BR166,2025-10-07,535961.48,DORMANT
ACC007971,CUST00797,SALARY,BR978,2019-08-26,123131.35,BLOCKED
ACC007972,CUST00797,SAVINGS,BR139,2025-03-25,581104.25,ACTIVE
ACC007981,CUST00798,CURRENT,BR404,2018-12-09,178365.12,DORMANT
ACC007991,CUST00799,SAVINGS,BR918,2023-11-13,479196.31,ACTIVE
ACC007992,CUST00799,SAVINGS,BR137,2025-05-05,750349.62,BLOCKED
ACC007993,CUST00799,SAVINGS,BR608,2021-11-23,859650.72,ACTIVE
ACC008001,CUST00800,SAVINGS,BR514,2019-01-04,876981.62,BLOCKED
ACC008002,CUST00800,CURRENT,BR568,2025-12-07,977674.71,ACTIVE
ACC008003,CUST00800,CURRENT,BR292,2024-03-21,795604.71,BLOCKED
ACC008011,CUST00801,SALARY,BR224,2025-03-08,876014.88,BLOCKED
ACC008012,CUST00801,CURRENT,BR122,2025-07-01,883604.06,ACTIVE
ACC008013,CUST00801,SAVINGS,BR639,2026-03-09,931621.65,BLOCKED
ACC008021,CUST00802,SAVINGS,BR409,2022-03-21,222370.51,ACTIVE
ACC008031,CUST00803,CURRENT,BR696,2026-01-05,843942.14,DORMANT
ACC008032,CUST00803,CURRENT,BR648,2023-03-02,517158.3,BLOCKED
ACC008033,CUST00803,SAVINGS,BR246,2024-05-16,758005.58,ACTIVE
ACC008041,CUST00804,SALARY,BR452,2023-07-20,559793.88,BLOCKED
ACC008042,CUST00804,SALARY,BR122,2020-06-30,17524.3,BLOCKED
ACC008051,CUST00805,SAVINGS,BR101,2021-09-20,797913.0,ACTIVE
ACC008052,CUST00805,SALARY,BR810,2019-07-30,861590.42,BLOCKED
ACC008053,CUST00805,SAVINGS,BR964,2020-03-14,63868.41,BLOCKED
ACC008061,CUST00806,CURRENT,BR351,2024-07-16,64857.76,DORMANT
ACC008071,CUST00807,SALARY,BR311,2024-04-25,535044.3,ACTIVE
ACC008072,CUST00807,SAVINGS,BR896,2019-10-20,322074.53,ACTIVE
ACC008081,CUST00808,CURRENT,BR946,2018-05-29,286575.72,DORMANT
ACC008082,CUST00808,SAVINGS,BR769,2021-06-06,257036.54,DORMANT
ACC008083,CUST00808,SAVINGS,BR505,2020-11-14,897682.24,ACTIVE
ACC008091,CUST00809,CURRENT,BR992,2021-12-20,525108.25,DORMANT
ACC008092,CUST00809,SALARY,BR512,2023-12-07,840297.52,ACTIVE
ACC008093,CUST00809,CURRENT,BR503,2020-01-20,955288.05,DORMANT
ACC008101,CUST00810,CURRENT,BR856,2018-09-02,448882.23,DORMANT
ACC008102,CUST00810,SALARY,BR661,2021-05-02,413848.07,ACTIVE
ACC008111,CUST00811,SALARY,BR470,2020-05-05,421528.62,DORMANT
ACC008121,CUST00812,SALARY,BR329,2025-07-02,695359.23,BLOCKED
ACC008122,CUST00812,SALARY,BR258,2024-11-25,694018.6,BLOCKED
ACC008123,CUST00812,CURRENT,BR707,2022-12-22,554337.83,ACTIVE
ACC008131,CUST00813,SALARY,BR497,2019-03-11,22426.7,DORMANT
ACC008132,CUST00813,SALARY,BR664,2024-12-03,282601.93,ACTIVE
ACC008141,CUST00814,SALARY,BR599,2022-12-07,208427.62,BLOCKED
ACC008142,CUST00814,CURRENT,BR448,2020-05-05,189112.39,BLOCKED
ACC008151,CUST00815,SALARY,BR400,2025-04-02,570981.81,BLOCKED
ACC008161,CUST00816,SALARY,BR277,2024-12-21,161700.67,ACTIVE
ACC008162,CUST00816,CURRENT,BR156,2023-09-28,980772.59,DORMANT
ACC008163,CUST00816,SAVINGS,BR678,2020-03-04,424898.86,ACTIVE
ACC008171,CUST00817,SALARY,BR178,2025-12-03,319536.5,ACTIVE
ACC008172,CUST00817,SAVINGS,BR214,2021-12-12,673092.17,BLOCKED
ACC008181,CUST00818,SAVINGS,BR544,2019-02-13,1149.79,ACTIVE
ACC008182,CUST00818,SAVINGS,BR336,2021-10-29,189297.81,DORMANT
ACC008191,CUST00819,SAVINGS,BR999,2020-01-03,91377.91,BLOCKED
ACC008201,CUST00820,SALARY,BR255,2025-05-30,470008.84,ACTIVE
ACC008211,CUST00821,SALARY,BR574,2026-02-26,911854.2,BLOCKED
ACC008221,CUST00822,SALARY,BR399,2021-05-11,505013.41,ACTIVE
ACC008222,CUST00822,SALARY,BR809,2019-06-12,881160.66,BLOCKED
ACC008223,CUST00822,SAVINGS,BR853,2025-02-17,488150.39,ACTIVE
ACC008231,CUST00823,SALARY,BR730,2023-02-02,164964.07,ACTIVE
ACC008241,CUST00824,SALARY,BR347,2021-10-19,578124.16,DORMANT
ACC008242,CUST00824,SALARY,BR240,2020-02-11,757111.26,DORMANT
ACC008243,CUST00824,SALARY,BR152,2018-06-29,926897.45,BLOCKED
ACC008251,CUST00825,CURRENT,BR866,2024-02-27,24344.3,DORMANT
ACC008261,CUST00826,CURRENT,BR943,2023-04-25,428477.21,ACTIVE
ACC008262,CUST00826,CURRENT,BR452,2020-11-06,579001.08,BLOCKED
ACC008263,CUST00826,CURRENT,BR308,2025-10-26,893754.66,BLOCKED
ACC008271,CUST00827,CURRENT,BR350,2024-01-17,622525.3,DORMANT
ACC008281,CUST00828,SAVINGS,BR791,2021-04-12,793664.13,BLOCKED
ACC008282,CUST00828,SAVINGS,BR390,2020-03-07,488302.42,BLOCKED
ACC008291,CUST00829,SAVINGS,BR915,2021-02-14,720377.71,DORMANT
ACC008292,CUST00829,CURRENT,BR732,2022-05-11,114733.22,DORMANT
ACC008301,CUST00830,SAVINGS,BR702,2019-10-03,651118.8,ACTIVE
ACC008302,CUST00830,SAVINGS,BR312,2026-01-18,761150.97,DORMANT
ACC008303,CUST00830,SALARY,BR767,2023-03-29,285950.91,DORMANT
ACC008311,CUST00831,SALARY,BR216,2018-10-13,426700.64,DORMANT
ACC008321,CUST00832,SALARY,BR938,2021-10-12,869529.28,DORMANT
ACC008331,CUST00833,SAVINGS,BR664,2018-07-06,943815.09,ACTIVE
ACC008341,CUST00834,CURRENT,BR547,2025-04-01,901762.99,BLOCKED
ACC008342,CUST00834,CURRENT,BR912,2024-05-29,840979.16,ACTIVE
ACC008343,CUST00834,SALARY,BR379,2019-01-25,26007.9,DORMANT
ACC008351,CUST00835,SALARY,BR156,2019-12-12,652133.34,DORMANT
ACC008352,CUST00835,CURRENT,BR406,2021-03-05,818724.78,DORMANT
ACC008361,CUST00836,CURRENT,BR872,2025-01-17,500230.86,DORMANT
ACC008362,CUST00836,SAVINGS,BR337,2020-03-27,159774.1,BLOCKED
ACC008363,CUST00836,SALARY,BR603,2023-06-16,785670.98,BLOCKED
ACC008371,CUST00837,CURRENT,BR866,2022-10-22,179172.38,DORMANT
ACC008381,CUST00838,CURRENT,BR489,2023-05-20,152941.04,ACTIVE
ACC008382,CUST00838,CURRENT,BR186,2020-09-01,631129.47,ACTIVE
ACC008383,CUST00838,SAVINGS,BR308,2022-11-29,402877.37,DORMANT
ACC008391,CUST00839,SALARY,BR775,2019-05-31,355821.5,BLOCKED
ACC008401,CUST00840,SALARY,BR428,2018-06-09,15389.33,ACTIVE
ACC008411,CUST00841,CURRENT,BR473,2018-06-11,437200.88,DORMANT
ACC008412,CUST00841,CURRENT,BR111,2022-11-01,367948.84,BLOCKED
ACC008421,CUST00842,SAVINGS,BR668,2025-03-12,68743.77,BLOCKED
ACC008422,CUST00842,SALARY,BR625,2018-05-14,192703.3,BLOCKED
ACC008423,CUST00842,CURRENT,BR460,2019-10-17,408960.06,ACTIVE
ACC008431,CUST00843,SAVINGS,BR669,2021-07-02,152836.17,ACTIVE
ACC008432,CUST00843,SAVINGS,BR994,2024-10-04,46479.8,BLOCKED
ACC008433,CUST00843,CURRENT,BR902,2025-02-06,487014.57,ACTIVE
ACC008441,CUST00844,CURRENT,BR491,2025-05-18,755536.07,DORMANT
ACC008442,CUST00844,SAVINGS,BR968,2018-11-23,975682.52,ACTIVE
ACC008443,CUST00844,SAVINGS,BR460,2022-10-15,994726.94,BLOCKED
ACC008451,CUST00845,CURRENT,BR465,2021-03-30,662100.12,DORMANT
ACC008461,CUST00846,SALARY,BR641,2019-05-28,976161.08,ACTIVE
ACC008462,CUST00846,CURRENT,BR165,2024-07-13,858163.98,BLOCKED
ACC008463,CUST00846,SAVINGS,BR551,2021-02-01,601842.46,BLOCKED
ACC008471,CUST00847,SAVINGS,BR250,2025-12-25,320191.92,ACTIVE
ACC008472,CUST00847,SALARY,BR568,2025-11-28,157940.84,ACTIVE
ACC008473,CUST00847,SALARY,BR801,2018-12-30,500416.22,DORMANT
ACC008481,CUST00848,CURRENT,BR274,2022-11-04,34244.11,DORMANT
ACC008482,CUST00848,SALARY,BR562,2021-11-02,158338.76,BLOCKED
ACC008483,CUST00848,SAVINGS,BR494,2018-08-07,380177.56,ACTIVE
ACC008491,CUST00849,CURRENT,BR798,2023-03-01,204043.03,DORMANT
ACC008501,CUST00850,CURRENT,BR362,2023-10-20,987585.47,DORMANT
ACC008502,CUST00850,SAVINGS,BR596,2023-06-05,261523.57,DORMANT
ACC008511,CUST00851,SALARY,BR655,2023-05-15,394249.45,DORMANT
ACC008512,CUST00851,CURRENT,BR291,2019-07-21,45797.07,ACTIVE
ACC008521,CUST00852,SAVINGS,BR283,2021-08-13,915968.42,ACTIVE
ACC008531,CUST00853,SALARY,BR845,2020-01-31,628241.42,ACTIVE
ACC008532,CUST00853,CURRENT,BR186,2019-07-14,772629.78,BLOCKED
ACC008541,CUST00854,SAVINGS,BR804,2019-11-20,348692.23,ACTIVE
ACC008542,CUST00854,CURRENT,BR464,2023-08-17,195962.16,DORMANT
ACC008551,CUST00855,SAVINGS,BR597,2022-03-21,428913.64,BLOCKED
ACC008552,CUST00855,CURRENT,BR504,2019-06-10,134997.5,ACTIVE
ACC008553,CUST00855,CURRENT,BR232,2023-06-24,911664.11,ACTIVE
ACC008561,CUST00856,SAVINGS,BR663,2022-06-05,843337.6,BLOCKED
ACC008562,CUST00856,CURRENT,BR686,2018-05-13,339328.85,DORMANT
ACC008563,CUST00856,SAVINGS,BR577,2020-09-20,205229.62,ACTIVE
ACC008571,CUST00857,CURRENT,BR285,2025-07-24,398348.13,DORMANT
ACC008572,CUST00857,SAVINGS,BR409,2024-09-06,388213.81,BLOCKED
ACC008581,CUST00858,CURRENT,BR369,2025-05-17,25834.91,BLOCKED
ACC008582,CUST00858,SALARY,BR968,2024-11-09,332172.32,ACTIVE
ACC008583,CUST00858,CURRENT,BR455,2022-12-07,385830.59,DORMANT
ACC008591,CUST00859,CURRENT,BR647,2022-12-08,187131.03,BLOCKED
ACC008592,CUST00859,CURRENT,BR555,2019-04-06,858457.98,BLOCKED
ACC008601,CUST00860,CURRENT,BR620,2021-04-18,336685.14,ACTIVE
ACC008611,CUST00861,SAVINGS,BR950,2023-02-26,990743.78,BLOCKED
ACC008621,CUST00862,CURRENT,BR201,2018-02-26,752527.81,ACTIVE
ACC008622,CUST00862,SAVINGS,BR143,2019-04-21,527205.98,BLOCKED
ACC008631,CUST00863,SALARY,BR349,2024-07-22,551170.76,ACTIVE
ACC008632,CUST00863,SALARY,BR361,2023-08-16,604982.95,DORMANT
ACC008633,CUST00863,SAVINGS,BR688,2023-11-27,776437.86,BLOCKED
ACC008641,CUST00864,SALARY,BR200,2025-11-17,705715.34,BLOCKED
ACC008642,CUST00864,SAVINGS,BR341,2021-12-18,38703.73,ACTIVE
ACC008643,CUST00864,SALARY,BR784,2023-03-23,432744.3,ACTIVE
ACC008651,CUST00865,CURRENT,BR111,2023-03-18,12050.94,DORMANT
ACC008661,CUST00866,SAVINGS,BR924,2018-12-18,368039.73,BLOCKED
ACC008662,CUST00866,SALARY,BR464,2021-01-02,701451.51,BLOCKED
ACC008671,CUST00867,SALARY,BR361,2020-07-03,364619.1,BLOCKED
ACC008681,CUST00868,SAVINGS,BR855,2019-11-21,812367.65,DORMANT
ACC008682,CUST00868,SAVINGS,BR580,2025-09-03,882679.19,ACTIVE
ACC008691,CUST00869,SALARY,BR574,2024-08-18,516196.71,DORMANT
ACC008692,CUST00869,SAVINGS,BR489,2019-10-17,464858.78,ACTIVE
ACC008693,CUST00869,SAVINGS,BR452,2019-10-01,185961.08,BLOCKED
ACC008701,CUST00870,CURRENT,BR100,2018-12-01,588306.92,DORMANT
ACC008702,CUST00870,CURRENT,BR167,2024-07-16,274615.57,DORMANT
ACC008703,CUST00870,CURRENT,BR763,2019-07-01,766610.62,DORMANT
ACC008711,CUST00871,SALARY,BR272,2020-10-09,27593.08,BLOCKED
ACC008712,CUST00871,CURRENT,BR403,2020-01-22,795692.45,DORMANT
ACC008713,CUST00871,SALARY,BR347,2018-03-01,358567.38,DORMANT
ACC008721,CUST00872,SAVINGS,BR384,2021-10-05,767653.46,ACTIVE
ACC008722,CUST00872,SALARY,BR123,2021-07-11,827516.46,BLOCKED
ACC008731,CUST00873,SAVINGS,BR610,2018-12-15,791937.37,BLOCKED
ACC008732,CUST00873,SAVINGS,BR363,2019-10-09,856696.15,DORMANT
ACC008741,CUST00874,SALARY,BR231,2024-11-29,661562.23,DORMANT
ACC008751,CUST00875,CURRENT,BR930,2020-06-04,488357.34,ACTIVE
ACC008761,CUST00876,SALARY,BR942,2025-01-15,13419.37,DORMANT
ACC008762,CUST00876,CURRENT,BR173,2018-12-01,935922.28,ACTIVE
ACC008763,CUST00876,SAVINGS,BR660,2018-04-23,58162.13,DORMANT
ACC008771,CUST00877,CURRENT,BR887,2023-09-24,69218.35,BLOCKED
ACC008772,CUST00877,SAVINGS,BR887,2018-03-05,851845.51,DORMANT
ACC008773,CUST00877,SALARY,BR251,2018-09-10,72073.77,BLOCKED
ACC008781,CUST00878,SAVINGS,BR920,2026-02-18,212705.91,BLOCKED
ACC008782,CUST00878,CURRENT,BR449,2021-05-25,787102.58,BLOCKED
ACC008791,CUST00879,SAVINGS,BR402,2022-02-10,963401.96,ACTIVE
ACC008792,CUST00879,CURRENT,BR716,2020-07-15,267027.9,BLOCKED
ACC008793,CUST00879,SAVINGS,BR552,2021-01-16,504725.11,DORMANT
ACC008801,CUST00880,SALARY,BR992,2019-11-22,389914.61,ACTIVE
ACC008802,CUST00880,SALARY,BR477,2019-02-12,470699.72,BLOCKED
ACC008811,CUST00881,CURRENT,BR655,2026-01-26,200775.14,ACTIVE
ACC008812,CUST00881,CURRENT,BR496,2021-08-01,548677.49,ACTIVE
ACC008821,CUST00882,SALARY,BR810,2025-08-06,152805.78,BLOCKED
ACC008831,CUST00883,SAVINGS,BR119,2021-04-02,464394.96,BLOCKED
ACC008832,CUST00883,SAVINGS,BR364,2020-03-05,994768.83,DORMANT
ACC008833,CUST00883,SALARY,BR270,2021-01-01,241065.71,DORMANT
ACC008841,CUST00884,CURRENT,BR465,2023-02-25,625092.74,BLOCKED
ACC008842,CUST00884,SAVINGS,BR568,2022-02-26,780941.57,ACTIVE
ACC008843,CUST00884,CURRENT,BR909,2021-10-05,325445.87,DORMANT
ACC008851,CUST00885,SALARY,BR865,2021-08-30,194467.9,ACTIVE
ACC008852,CUST00885,CURRENT,BR747,2018-09-14,601860.06,BLOCKED
ACC008861,CUST00886,SALARY,BR859,2021-05-03,576533.11,DORMANT
ACC008862,CUST00886,SAVINGS,BR557,2021-05-26,854554.05,ACTIVE
ACC008863,CUST00886,CURRENT,BR924,2023-05-28,296350.41,BLOCKED
ACC008871,CUST00887,SAVINGS,BR677,2025-11-05,121724.45,BLOCKED
ACC008872,CUST00887,SALARY,BR795,2019-04-08,498266.04,DORMANT
ACC008873,CUST00887,CURRENT,BR864,2018-09-18,561532.72,DORMANT
ACC008881,CUST00888,SALARY,BR496,2025-07-10,315571.14,BLOCKED
ACC008882,CUST00888,CURRENT,BR362,2022-09-13,974292.41,BLOCKED
ACC008891,CUST00889,CURRENT,BR883,2020-01-10,935563.53,BLOCKED
ACC008901,CUST00890,CURRENT,BR568,2021-11-15,552203.71,BLOCKED
ACC008902,CUST00890,SAVINGS,BR359,2026-01-08,912510.67,ACTIVE
ACC008911,CUST00891,SAVINGS,BR496,2018-04-22,696777.39,ACTIVE
ACC008912,CUST00891,SAVINGS,BR217,2020-11-09,590977.3,ACTIVE
ACC008913,CUST00891,CURRENT,BR680,2024-04-21,130030.74,ACTIVE
ACC008921,CUST00892,SAVINGS,BR701,2018-07-30,779392.95,BLOCKED
ACC008931,CUST00893,SALARY,BR961,2018-12-28,201190.96,ACTIVE
ACC008941,CUST00894,CURRENT,BR468,2023-06-25,94198.8,ACTIVE
ACC008951,CUST00895,SALARY,BR606,2021-11-13,643789.77,DORMANT
ACC008961,CUST00896,SAVINGS,BR721,2022-07-28,548309.83,BLOCKED
ACC008962,CUST00896,SALARY,BR388,2023-06-23,236350.73,DORMANT
ACC008971,CUST00897,SALARY,BR952,2026-01-12,365540.63,ACTIVE
ACC008981,CUST00898,CURRENT,BR973,2021-12-27,726835.67,ACTIVE
ACC008991,CUST00899,SAVINGS,BR176,2019-03-29,986727.18,ACTIVE
ACC008992,CUST00899,SALARY,BR815,2020-04-03,435156.62,ACTIVE
ACC008993,CUST00899,SAVINGS,BR851,2022-11-07,518665.47,DORMANT
ACC009001,CUST00900,SAVINGS,BR644,2020-04-23,55482.99,DORMANT
ACC009011,CUST00901,SAVINGS,BR178,2021-07-31,149478.57,ACTIVE
ACC009012,CUST00901,SAVINGS,BR341,2020-11-15,624963.86,DORMANT
ACC009021,CUST00902,SALARY,BR536,2019-09-21,463112.67,ACTIVE
ACC009022,CUST00902,CURRENT,BR109,2019-11-30,720600.11,ACTIVE
ACC009023,CUST00902,SALARY,BR471,2023-02-08,188424.11,BLOCKED
ACC009031,CUST00903,CURRENT,BR399,2022-08-14,394470.37,BLOCKED
ACC009041,CUST00904,CURRENT,BR318,2020-10-23,193042.79,DORMANT
ACC009042,CUST00904,SAVINGS,BR200,2024-09-21,698028.75,BLOCKED
ACC009051,CUST00905,SALARY,BR999,2020-09-05,623164.12,BLOCKED
ACC009061,CUST00906,SALARY,BR720,2021-04-12,233699.42,BLOCKED
ACC009062,CUST00906,SALARY,BR319,2026-03-20,62644.96,ACTIVE
ACC009071,CUST00907,CURRENT,BR379,2024-01-21,296910.27,ACTIVE
ACC009072,CUST00907,CURRENT,BR657,2019-10-22,896925.64,ACTIVE
ACC009073,CUST00907,CURRENT,BR860,2024-06-01,755956.27,DORMANT
ACC009081,CUST00908,CURRENT,BR604,2025-06-11,86010.26,ACTIVE
ACC009091,CUST00909,CURRENT,BR389,2024-11-15,215513.08,BLOCKED
ACC009092,CUST00909,SAVINGS,BR995,2019-12-04,423104.46,DORMANT
ACC009101,CUST00910,CURRENT,BR333,2025-02-22,661435.57,DORMANT
ACC009111,CUST00911,CURRENT,BR517,2021-04-05,148111.29,ACTIVE
ACC009112,CUST00911,SAVINGS,BR271,2026-02-13,264687.27,ACTIVE
ACC009121,CUST00912,CURRENT,BR672,2019-04-03,343975.65,ACTIVE
ACC009131,CUST00913,CURRENT,BR220,2023-01-24,305635.2,ACTIVE
ACC009141,CUST00914,SALARY,BR131,2018-10-23,637945.5,DORMANT
ACC009151,CUST00915,CURRENT,BR945,2018-05-02,156903.11,BLOCKED
ACC009152,CUST00915,SALARY,BR915,2024-06-08,751704.7,ACTIVE
ACC009153,CUST00915,SAVINGS,BR703,2019-10-27,459156.82,BLOCKED
ACC009161,CUST00916,CURRENT,BR898,2021-09-25,473291.37,BLOCKED
ACC009162,CUST00916,CURRENT,BR144,2020-01-06,473536.25,DORMANT
ACC009163,CUST00916,SALARY,BR168,2025-04-08,909591.68,BLOCKED
ACC009171,CUST00917,CURRENT,BR908,2018-11-20,102435.45,BLOCKED
ACC009181,CUST00918,CURRENT,BR731,2023-03-03,511045.37,ACTIVE
ACC009191,CUST00919,SALARY,BR228,2025-03-04,349535.05,DORMANT
ACC009192,CUST00919,SAVINGS,BR700,2025-10-10,159155.7,DORMANT
ACC009201,CUST00920,SALARY,BR290,2021-05-04,536012.22,BLOCKED
ACC009202,CUST00920,SALARY,BR401,2023-10-05,360171.95,ACTIVE
ACC009203,CUST00920,SAVINGS,BR512,2019-02-06,374808.39,ACTIVE
ACC009211,CUST00921,SALARY,BR974,2019-10-20,872619.9,BLOCKED
ACC009221,CUST00922,SALARY,BR518,2022-06-06,41310.5,ACTIVE
ACC009231,CUST00923,SALARY,BR859,2022-05-28,767791.38,DORMANT
ACC009232,CUST00923,SALARY,BR759,2020-08-14,754708.68,ACTIVE
ACC009241,CUST00924,CURRENT,BR369,2019-02-24,868691.69,DORMANT
ACC009251,CUST00925,CURRENT,BR167,2019-01-16,580917.94,ACTIVE
ACC009261,CUST00926,SAVINGS,BR493,2020-06-06,911614.29,ACTIVE
ACC009262,CUST00926,SAVINGS,BR633,2021-11-03,534702.18,DORMANT
ACC009263,CUST00926,CURRENT,BR859,2022-07-28,323174.41,DORMANT
ACC009271,CUST00927,CURRENT,BR264,2023-05-13,876854.16,BLOCKED
ACC009281,CUST00928,SAVINGS,BR367,2025-10-01,515693.68,ACTIVE
ACC009282,CUST00928,CURRENT,BR511,2023-01-01,879393.01,ACTIVE
ACC009291,CUST00929,SAVINGS,BR972,2019-02-17,910568.64,BLOCKED
ACC009292,CUST00929,CURRENT,BR773,2022-09-22,464752.95,ACTIVE
ACC009301,CUST00930,CURRENT,BR362,2023-10-11,744600.5,ACTIVE
ACC009302,CUST00930,SALARY,BR405,2019-09-04,536948.7,DORMANT
ACC009311,CUST00931,CURRENT,BR294,2019-10-15,903565.82,DORMANT
ACC009321,CUST00932,CURRENT,BR193,2019-06-25,895446.99,ACTIVE
ACC009331,CUST00933,CURRENT,BR794,2021-12-24,512399.13,DORMANT
ACC009341,CUST00934,SALARY,BR329,2025-07-16,504338.96,DORMANT
ACC009342,CUST00934,SAVINGS,BR911,2023-09-19,221242.49,DORMANT
ACC009343,CUST00934,SALARY,BR203,2020-12-26,86099.73,ACTIVE
ACC009351,CUST00935,SAVINGS,BR415,2025-10-22,397508.57,ACTIVE
ACC009352,CUST00935,SALARY,BR374,2025-02-19,570331.71,DORMANT
ACC009361,CUST00936,SALARY,BR524,2018-07-17,974146.15,ACTIVE
ACC009362,CUST00936,SALARY,BR326,2025-01-12,871313.09,ACTIVE
ACC009371,CUST00937,SAVINGS,BR537,2021-09-04,958759.21,BLOCKED
ACC009372,CUST00937,CURRENT,BR355,2018-02-26,379510.12,DORMANT
ACC009381,CUST00938,SAVINGS,BR155,2025-07-23,797956.72,ACTIVE
ACC009382,CUST00938,SAVINGS,BR151,2022-02-16,23646.09,DORMANT
ACC009391,CUST00939,CURRENT,BR952,2026-01-28,185795.21,DORMANT
ACC009392,CUST00939,CURRENT,BR959,2024-05-12,861058.19,BLOCKED
ACC009401,CUST00940,CURRENT,BR923,2024-11-28,345149.45,BLOCKED
ACC009411,CUST00941,SALARY,BR315,2022-02-02,662300.72,ACTIVE
ACC009412,CUST00941,CURRENT,BR770,2024-02-28,243989.2,BLOCKED
ACC009413,CUST00941,CURRENT,BR171,2022-10-29,709152.54,DORMANT
ACC009421,CUST00942,SAVINGS,BR370,2024-11-19,288230.8,DORMANT
ACC009422,CUST00942,SAVINGS,BR444,2018-09-08,806308.6,DORMANT
ACC009431,CUST00943,SALARY,BR844,2022-09-10,674324.6,DORMANT
ACC009432,CUST00943,SAVINGS,BR976,2025-08-20,934378.91,ACTIVE
ACC009441,CUST00944,SAVINGS,BR217,2023-11-30,987478.71,BLOCKED
ACC009442,CUST00944,SALARY,BR938,2023-10-18,699657.81,ACTIVE
ACC009443,CUST00944,SAVINGS,BR945,2019-09-02,756732.75,DORMANT
ACC009451,CUST00945,SAVINGS,BR157,2023-06-10,372393.65,BLOCKED
ACC009461,CUST00946,SALARY,BR150,2019-02-28,154578.73,ACTIVE
ACC009471,CUST00947,CURRENT,BR988,2020-02-24,936113.89,ACTIVE
ACC009481,CUST00948,SAVINGS,BR476,2025-11-05,730187.28,BLOCKED
ACC009482,CUST00948,SAVINGS,BR589,2019-11-25,569863.11,DORMANT
ACC009491,CUST00949,CURRENT,BR442,2018-06-18,420083.92,BLOCKED
ACC009492,CUST00949,SALARY,BR659,2023-09-17,617027.31,BLOCKED
ACC009493,CUST00949,SALARY,BR228,2018-12-18,532147.3,DORMANT
ACC009501,CUST00950,SAVINGS,BR140,2020-10-26,615974.9,BLOCKED
ACC009502,CUST00950,SAVINGS,BR289,2021-09-13,652562.35,DORMANT
ACC009511,CUST00951,SALARY,BR490,2018-08-10,793547.14,DORMANT
ACC009512,CUST00951,CURRENT,BR678,2020-05-06,318206.49,DORMANT
ACC009513,CUST00951,SAVINGS,BR947,2021-08-02,262891.14,BLOCKED
ACC009521,CUST00952,SALARY,BR445,2020-03-16,136384.22,BLOCKED
ACC009531,CUST00953,SALARY,BR202,2024-12-02,499390.46,ACTIVE
ACC009541,CUST00954,SALARY,BR207,2022-02-28,213969.28,DORMANT
ACC009542,CUST00954,SAVINGS,BR383,2021-08-17,860741.83,ACTIVE
ACC009551,CUST00955,SALARY,BR541,2020-05-20,541308.15,BLOCKED
ACC009552,CUST00955,SALARY,BR322,2023-10-11,938698.87,DORMANT
ACC009553,CUST00955,SAVINGS,BR715,2021-10-11,859890.71,DORMANT
ACC009561,CUST00956,SAVINGS,BR248,2021-03-25,113174.82,ACTIVE
ACC009571,CUST00957,SAVINGS,BR354,2024-02-28,329472.72,ACTIVE
ACC009581,CUST00958,SALARY,BR567,2026-01-31,884849.09,DORMANT
ACC009582,CUST00958,SAVINGS,BR862,2020-08-19,805364.34,BLOCKED
ACC009591,CUST00959,SAVINGS,BR780,2021-12-26,974714.27,ACTIVE
ACC009592,CUST00959,CURRENT,BR960,2024-10-25,719282.3,BLOCKED
ACC009601,CUST00960,SALARY,BR320,2023-09-04,397557.83,BLOCKED
ACC009602,CUST00960,SAVINGS,BR201,2025-09-16,565210.72,DORMANT
ACC009603,CUST00960,SAVINGS,BR640,2024-01-16,72066.77,BLOCKED
ACC009611,CUST00961,CURRENT,BR674,2022-06-29,378562.32,ACTIVE
ACC009621,CUST00962,CURRENT,BR646,2020-07-14,597560.62,DORMANT
ACC009622,CUST00962,SALARY,BR430,2023-04-30,401111.82,ACTIVE
ACC009623,CUST00962,CURRENT,BR983,2024-04-11,487291.61,BLOCKED
ACC009631,CUST00963,SALARY,BR842,2023-01-25,241188.35,BLOCKED
ACC009632,CUST00963,SALARY,BR946,2026-01-14,710855.53,BLOCKED
ACC009633,CUST00963,CURRENT,BR484,2021-01-18,525906.64,ACTIVE
ACC009641,CUST00964,CURRENT,BR850,2026-01-16,990761.15,ACTIVE
ACC009642,CUST00964,CURRENT,BR337,2018-06-19,893628.18,ACTIVE
ACC009643,CUST00964,SAVINGS,BR717,2019-04-29,415564.16,BLOCKED
ACC009651,CUST00965,SALARY,BR123,2021-04-22,832792.7,ACTIVE
ACC009652,CUST00965,SAVINGS,BR955,2026-01-13,256450.86,BLOCKED
ACC009661,CUST00966,SALARY,BR717,2025-05-03,78896.38,DORMANT
ACC009662,CUST00966,SAVINGS,BR766,2025-10-27,630542.37,ACTIVE
ACC009663,CUST00966,SAVINGS,BR128,2023-07-13,288720.54,BLOCKED
ACC009671,CUST00967,SAVINGS,BR458,2024-09-25,731111.36,ACTIVE
ACC009672,CUST00967,CURRENT,BR627,2022-12-12,593419.75,BLOCKED
ACC009681,CUST00968,CURRENT,BR325,2025-06-21,637187.83,BLOCKED
ACC009682,CUST00968,CURRENT,BR904,2019-02-07,254892.78,BLOCKED
ACC009683,CUST00968,SAVINGS,BR449,2020-11-13,784699.53,BLOCKED
ACC009691,CUST00969,SALARY,BR141,2020-04-13,528562.68,BLOCKED
ACC009692,CUST00969,CURRENT,BR109,2022-07-11,836976.31,DORMANT
ACC009701,CUST00970,CURRENT,BR146,2022-02-13,119063.58,ACTIVE
ACC009711,CUST00971,SAVINGS,BR515,2024-05-01,670002.67,BLOCKED
ACC009712,CUST00971,SALARY,BR381,2022-02-20,205692.4,DORMANT
ACC009713,CUST00971,SAVINGS,BR310,2021-11-12,658069.57,ACTIVE
ACC009721,CUST00972,CURRENT,BR129,2019-11-15,229373.93,DORMANT
ACC009722,CUST00972,SAVINGS,BR632,2021-08-08,406510.02,ACTIVE
ACC009723,CUST00972,SALARY,BR630,2022-07-21,190818.82,ACTIVE
ACC009731,CUST00973,SALARY,BR143,2022-07-29,858812.08,DORMANT
ACC009732,CUST00973,SAVINGS,BR468,2023-09-01,949783.47,BLOCKED
ACC009741,CUST00974,SAVINGS,BR393,2020-10-18,297972.98,BLOCKED
ACC009751,CUST00975,SALARY,BR932,2019-07-27,455791.35,DORMANT
ACC009761,CUST00976,SALARY,BR964,2023-08-16,743781.33,ACTIVE
ACC009771,CUST00977,SALARY,BR218,2018-04-25,940337.29,ACTIVE
ACC009772,CUST00977,SALARY,BR343,2020-03-20,989493.35,ACTIVE
ACC009773,CUST00977,CURRENT,BR409,2019-12-21,157322.3,DORMANT
ACC009781,CUST00978,SAVINGS,BR975,2024-05-09,149391.81,DORMANT
ACC009791,CUST00979,CURRENT,BR342,2020-06-23,693616.26,BLOCKED
ACC009792,CUST00979,SAVINGS,BR798,2022-06-01,409886.63,BLOCKED
ACC009793,CUST00979,SAVINGS,BR914,2018-07-26,162632.91,BLOCKED
ACC009801,CUST00980,SALARY,BR299,2020-06-17,369180.04,ACTIVE
ACC009802,CUST00980,CURRENT,BR751,2021-02-21,718992.98,DORMANT
ACC009803,CUST00980,SALARY,BR495,2021-02-16,308493.45,BLOCKED
ACC009811,CUST00981,SAVINGS,BR531,2018-07-28,627853.73,BLOCKED
ACC009812,CUST00981,SALARY,BR236,2019-08-30,871799.51,BLOCKED
ACC009821,CUST00982,CURRENT,BR652,2023-10-25,783178.8,BLOCKED
ACC009831,CUST00983,SALARY,BR793,2026-03-24,401248.77,BLOCKED
ACC009832,CUST00983,SAVINGS,BR695,2022-01-14,545316.27,ACTIVE
ACC009833,CUST00983,SALARY,BR493,2021-04-04,538022.92,BLOCKED
ACC009841,CUST00984,SALARY,BR395,2024-07-10,262579.77,DORMANT
ACC009842,CUST00984,SALARY,BR123,2025-09-23,334388.86,DORMANT
ACC009843,CUST00984,CURRENT,BR156,2020-04-02,12072.51,BLOCKED
ACC009851,CUST00985,SAVINGS,BR401,2019-05-07,219608.67,ACTIVE
ACC009852,CUST00985,CURRENT,BR336,2025-03-08,281991.74,DORMANT
ACC009861,CUST00986,CURRENT,BR374,2018-09-03,540332.15,BLOCKED
ACC009862,CUST00986,CURRENT,BR904,2020-11-09,420168.44,DORMANT
ACC009863,CUST00986,SAVINGS,BR706,2025-06-27,70853.21,ACTIVE
ACC009871,CUST00987,SAVINGS,BR871,2025-12-26,50301.21,DORMANT
ACC009881,CUST00988,SALARY,BR255,2025-06-13,769096.52,BLOCKED
ACC009882,CUST00988,SAVINGS,BR670,2020-05-31,178279.96,BLOCKED
ACC009883,CUST00988,SAVINGS,BR104,2019-02-15,786813.5,DORMANT
ACC009891,CUST00989,CURRENT,BR567,2021-03-12,454800.56,BLOCKED
ACC009892,CUST00989,SALARY,BR325,2020-02-21,320270.95,BLOCKED
ACC009893,CUST00989,CURRENT,BR879,2018-11-19,480706.81,BLOCKED
ACC009901,CUST00990,SALARY,BR885,2019-03-28,695927.89,DORMANT
ACC009911,CUST00991,CURRENT,BR102,2018-07-31,104255.16,BLOCKED
ACC009912,CUST00991,CURRENT,BR760,2025-04-12,605659.81,ACTIVE
ACC009913,CUST00991,SALARY,BR488,2024-05-05,498845.52,ACTIVE
ACC009921,CUST00992,SAVINGS,BR919,2020-11-21,446686.5,ACTIVE
ACC009922,CUST00992,CURRENT,BR938,2025-07-24,107201.8,BLOCKED
ACC009923,CUST00992,SAVINGS,BR102,2025-02-04,497144.58,BLOCKED
ACC009931,CUST00993,SAVINGS,BR484,2018-05-15,585607.16,ACTIVE
ACC009932,CUST00993,CURRENT,BR864,2024-04-13,447348.14,DORMANT
ACC009933,CUST00993,SALARY,BR338,2020-12-21,571590.93,ACTIVE
ACC009941,CUST00994,SALARY,BR282,2023-05-14,908663.39,DORMANT
ACC009942,CUST00994,SALARY,BR149,2024-10-31,627569.08,BLOCKED
ACC009943,CUST00994,SALARY,BR481,2020-11-15,837036.23,DORMANT
ACC009951,CUST00995,SALARY,BR295,2020-08-26,115722.17,ACTIVE
ACC009952,CUST00995,SALARY,BR245,2022-03-14,925436.93,DORMANT
ACC009953,CUST00995,CURRENT,BR113,2021-10-27,267961.33,DORMANT
ACC009961,CUST00996,SALARY,BR523,2018-07-13,279428.65,ACTIVE
ACC009962,CUST00996,SAVINGS,BR880,2019-11-08,362472.66,ACTIVE
ACC009971,CUST00997,SALARY,BR165,2025-12-09,1033.37,ACTIVE
ACC009972,CUST00997,SALARY,BR960,2025-01-22,575379.91,DORMANT
ACC009981,CUST00998,SALARY,BR740,2024-10-31,379402.39,DORMANT
ACC009982,CUST00998,SAVINGS,BR115,2020-04-29,82251.9,ACTIVE
ACC009991,CUST00999,CURRENT,BR560,2018-12-11,492263.11,DORMANT
ACC010001,CUST01000,CURRENT,BR907,2018-08-29,112043.77,DORMANT
ACC010002,CUST01000,CURRENT,BR984,2021-04-28,77374.77,BLOCKED
ACC010003,CUST01000,CURRENT,BR275,2019-07-05,14048.51,ACTIVE
