customer_id,full_name,date_of_birth,city,state,occupation,kyc_status,risk_category,created_timestamp
CUST00001,Fiyaz Sahni,1990-07-25,Bahraich,Goa,Business,REJECTED,HIGH,2026-05-22 13:44:06.473468
CUST00002,Idika Seshadri,1964-01-14,Nanded,Punjab,Engineer,VERIFIED,MEDIUM,2026-05-22 13:44:06.473517
CUST00003,Yutika Sridhar,1990-06-08,Gwalior,Madhya Pradesh,Teacher,REJECTED,MEDIUM,2026-05-22 13:44:06.473542
CUST00004,Tejas Johal,1976-10-14,Jalgaon,Arunachal Pradesh,Lawyer,REJECTED,LOW,2026-05-22 13:44:06.473562
CUST00005,Faris Bhardwaj,1971-07-18,New Delhi,Sikkim,Doctor,PENDING,LOW,2026-05-22 13:44:06.473583
CUST00006,Warhi Walla,1961-07-04,Korba,Madhya Pradesh,Teacher,PENDING,MEDIUM,2026-05-22 13:44:06.473603
CUST00007,Inaya Ramaswamy,1990-04-17,Machilipatnam,West Bengal,Teacher,PENDING,HIGH,2026-05-22 13:44:06.473623
CUST00008,Leela Bali,1981-11-25,Chittoor,Uttarakhand,Lawyer,REJECTED,LOW,2026-05-22 13:44:06.473642
CUST00009,Abeer Divan,1970-01-17,Panihati,Uttarakhand,Lawyer,PENDING,LOW,2026-05-22 13:44:06.473661
CUST00010,Omisha Pandey,2000-11-22,Erode,Jharkhand,Doctor,VERIFIED,LOW,2026-05-22 13:44:06.473684
CUST00011,Bina Ganguly,1967-01-04,Bhilwara,Kerala,Doctor,PENDING,HIGH,2026-05-22 13:44:06.473706
CUST00012,Nimrat Bobal,1987-07-18,Jaipur,Sikkim,Lawyer,PENDING,LOW,2026-05-22 13:44:06.473731
CUST00013,Varenya Desai,1963-04-02,Burhanpur,Arunachal Pradesh,Government Employee,VERIFIED,HIGH,2026-05-22 13:44:06.473751
CUST00014,Ojasvi Radhakrishnan,2007-11-30,Solapur,Odisha,Engineer,VERIFIED,MEDIUM,2026-05-22 13:44:06.473770
CUST00015,Upma Shukla,1955-10-26,Patna,Karnataka,Business,PENDING,MEDIUM,2026-05-22 13:44:06.473792
CUST00016,Nisha Chowdhury,1957-01-13,Katihar,Uttarakhand,Engineer,VERIFIED,HIGH,2026-05-22 13:44:06.473814
CUST00017,Daksh Mangat,1995-03-12,Surendranagar Dudhrej,Punjab,Government Employee,VERIFIED,HIGH,2026-05-22 13:44:06.473837
CUST00018,Gauri Kapur,1954-03-04,Bahraich,Telangana,Business,REJECTED,MEDIUM,2026-05-22 13:44:06.473857
CUST00019,Unnati Korpal,1958-03-16,Sonipat,Punjab,Business,PENDING,MEDIUM,2026-05-22 13:44:06.473875
CUST00020,Zansi Jaggi,1953-04-07,Shivpuri,Goa,Doctor,VERIFIED,MEDIUM,2026-05-22 13:44:06.473900
CUST00021,Chaitanya Ganesan,1973-01-24,Nagpur,Uttarakhand,Government Employee,VERIFIED,LOW,2026-05-22 13:44:06.473921
CUST00022,Radha Pillay,2001-11-16,Nashik,Andhra Pradesh,Lawyer,VERIFIED,HIGH,2026-05-22 13:44:06.473942
CUST00023,Banjeet Kaul,1998-09-19,Bokaro,Sikkim,Doctor,VERIFIED,MEDIUM,2026-05-22 13:44:06.473960
CUST00024,Leela Dixit,1994-05-30,Pimpri-Chinchwad,Arunachal Pradesh,Doctor,VERIFIED,MEDIUM,2026-05-22 13:44:06.473977
CUST00025,Frederick Salvi,2003-08-31,Warangal,Haryana,Engineer,PENDING,MEDIUM,2026-05-22 13:44:06.473999
CUST00026,Owen Sandhu,1983-11-17,Medininagar,Haryana,Doctor,REJECTED,LOW,2026-05-22 13:44:06.474020
CUST00027,Mitali Borra,1977-01-29,Narasaraopet,Mizoram,Government Employee,VERIFIED,HIGH,2026-05-22 13:44:06.474040
CUST00028,Faris Memon,2007-03-17,Tiruppur,Meghalaya,Government Employee,VERIFIED,HIGH,2026-05-22 13:44:06.474059
CUST00029,Imaran Cherian,1982-06-09,Purnia,Punjab,Business,PENDING,HIGH,2026-05-22 13:44:06.474077
CUST00030,Sai Naik,1967-12-04,Nadiad,Jharkhand,Engineer,REJECTED,HIGH,2026-05-22 13:44:06.474095
CUST00031,Harita Bal,1953-11-27,Vasai-Virar,Rajasthan,Lawyer,REJECTED,LOW,2026-05-22 13:44:06.474113
CUST00032,Anthony Borra,1960-10-16,Gulbarga,Bihar,Business,REJECTED,HIGH,2026-05-22 13:44:06.474130
CUST00033,Praneel Dhillon,1961-04-24,Madhyamgram,Telangana,Government Employee,REJECTED,HIGH,2026-05-22 13:44:06.474147
CUST00034,Siddharth Dewan,1954-02-15,Vellore,Gujarat,Lawyer,REJECTED,MEDIUM,2026-05-22 13:44:06.474164
CUST00035,Xalak Muni,1990-03-12,Raurkela Industrial Township,Uttarakhand,Lawyer,PENDING,HIGH,2026-05-22 13:44:06.474182
CUST00036,Prisha Bora,1990-10-22,Gopalpur,Karnataka,Doctor,VERIFIED,HIGH,2026-05-22 13:44:06.474207
CUST00037,Anmol Rattan,2003-12-27,Eluru,Nagaland,Doctor,VERIFIED,LOW,2026-05-22 13:44:06.474225
CUST00038,Isaiah Jha,1974-06-17,Bhilai,Rajasthan,Engineer,REJECTED,HIGH,2026-05-22 13:44:06.474247
CUST00039,Yachana Amble,1993-08-06,Jamnagar,Gujarat,Business,PENDING,HIGH,2026-05-22 13:44:06.474264
CUST00040,Anamika Gulati,1980-06-21,Bhusawal,Meghalaya,Business,VERIFIED,LOW,2026-05-22 13:44:06.474281
CUST00041,Mugdha Mahajan,1976-05-20,Karimnagar,Mizoram,Business,VERIFIED,MEDIUM,2026-05-22 13:44:06.474300
CUST00042,Hredhaan Karan,1972-05-11,Thanjavur,Jharkhand,Teacher,VERIFIED,LOW,2026-05-22 13:44:06.474319
CUST00043,Ekavir Sachdeva,2002-10-19,Latur,Odisha,Teacher,REJECTED,LOW,2026-05-22 13:44:06.474336
CUST00044,Ekavir Karan,2003-03-11,North Dumdum,Sikkim,Engineer,REJECTED,HIGH,2026-05-22 13:44:06.474351
CUST00045,Alexander Agarwal,1963-06-12,Durgapur,Maharashtra,Doctor,PENDING,LOW,2026-05-22 13:44:06.474366
CUST00046,Yashodhara Om,1958-08-10,Pudukkottai,Rajasthan,Business,VERIFIED,HIGH,2026-05-22 13:44:06.474382
CUST00047,Harinakshi Dave,1982-06-17,Panchkula,Manipur,Lawyer,REJECTED,LOW,2026-05-22 13:44:06.474398
CUST00048,Utkarsh Talwar,1996-06-26,Karawal Nagar,Haryana,Government Employee,REJECTED,HIGH,2026-05-22 13:44:06.474414
CUST00049,Amruta Pandya,1987-12-11,Jalna,Goa,Lawyer,PENDING,LOW,2026-05-22 13:44:06.474428
CUST00050,Vaishnavi Mahal,1959-08-16,Srinagar,Maharashtra,Government Employee,VERIFIED,MEDIUM,2026-05-22 13:44:06.474448
CUST00051,Zilmil Chana,1986-05-19,Jalandhar,Sikkim,Business,REJECTED,HIGH,2026-05-22 13:44:06.474465
CUST00052,Urmi Vasa,1953-04-02,Howrah,Tamil Nadu,Teacher,VERIFIED,LOW,2026-05-22 13:44:06.474486
CUST00053,Oeshi Ahluwalia,1994-05-06,Kishanganj,Karnataka,Teacher,PENDING,MEDIUM,2026-05-22 13:44:06.474503
CUST00054,Yashvi Mallick,1994-03-07,Ahmedabad,Maharashtra,Engineer,PENDING,HIGH,2026-05-22 13:44:06.474523
CUST00055,Ekantika Bajaj,1990-07-21,Siwan,Karnataka,Teacher,VERIFIED,MEDIUM,2026-05-22 13:44:06.474544
CUST00056,Victor Patel,1965-07-21,Gorakhpur,Arunachal Pradesh,Lawyer,PENDING,HIGH,2026-05-22 13:44:06.474562
CUST00057,Ekalinga Dutta,1950-12-11,Bikaner,Uttarakhand,Government Employee,REJECTED,LOW,2026-05-22 13:44:06.474582
CUST00058,Shravya Loyal,2007-05-23,Sonipat,Jharkhand,Teacher,VERIFIED,MEDIUM,2026-05-22 13:44:06.474601
CUST00059,Michael Sule,1994-11-28,Hubli–Dharwad,Andhra Pradesh,Teacher,VERIFIED,HIGH,2026-05-22 13:44:06.474622
CUST00060,Bakhshi Agrawal,1980-12-10,Amaravati,Mizoram,Doctor,VERIFIED,HIGH,2026-05-22 13:44:06.474640
CUST00061,Samuel Behl,1969-01-02,Amravati,Gujarat,Lawyer,REJECTED,HIGH,2026-05-22 13:44:06.474658
CUST00062,Vasatika Ramakrishnan,2003-02-17,Sikar,Gujarat,Teacher,VERIFIED,MEDIUM,2026-05-22 13:44:06.474676
CUST00063,Karan Bhatia,1955-06-09,Karaikudi,Telangana,Business,VERIFIED,HIGH,2026-05-22 13:44:06.474700
CUST00064,Mitesh Sant,2006-02-01,Bhind,Madhya Pradesh,Engineer,VERIFIED,LOW,2026-05-22 13:44:06.474718
CUST00065,Nathaniel Nagi,1982-10-19,Ozhukarai,Karnataka,Lawyer,REJECTED,LOW,2026-05-22 13:44:06.474737
CUST00066,Widisha Kaur,2005-12-09,Chandigarh,Madhya Pradesh,Teacher,PENDING,HIGH,2026-05-22 13:44:06.474757
CUST00067,Chaitaly Jaggi,1994-05-13,Jamshedpur,Tripura,Doctor,PENDING,HIGH,2026-05-22 13:44:06.474775
CUST00068,Girindra Gill,1971-07-18,Kota,Telangana,Doctor,REJECTED,MEDIUM,2026-05-22 13:44:06.474793
CUST00069,Yashica Pai,1978-01-17,Shahjahanpur,Sikkim,Engineer,PENDING,MEDIUM,2026-05-22 13:44:06.474811
CUST00070,Yutika Karan,1977-08-02,Loni,Chhattisgarh,Government Employee,PENDING,LOW,2026-05-22 13:44:06.474829
CUST00071,Yauvani Mandal,1974-06-12,Loni,Nagaland,Doctor,REJECTED,HIGH,2026-05-22 13:44:06.474846
CUST00072,Theodore Kapadia,1963-06-15,Sangli-Miraj & Kupwad,Goa,Engineer,REJECTED,HIGH,2026-05-22 13:44:06.474864
CUST00073,Hamsini Bir,1986-12-06,Panihati,Meghalaya,Lawyer,PENDING,LOW,2026-05-22 13:44:06.474882
CUST00074,Nimrat Lata,1983-11-01,Hosur,Odisha,Doctor,VERIFIED,MEDIUM,2026-05-22 13:44:06.474900
CUST00075,Alexander Nagi,1959-12-01,Kharagpur,Madhya Pradesh,Lawyer,PENDING,MEDIUM,2026-05-22 13:44:06.474919
CUST00076,Keya Varma,1970-11-29,Tadipatri,Nagaland,Government Employee,PENDING,LOW,2026-05-22 13:44:06.474937
CUST00077,Janani Doctor,1954-04-30,Allahabad,Arunachal Pradesh,Government Employee,REJECTED,LOW,2026-05-22 13:44:06.474954
CUST00078,George Dalal,1966-03-08,Kadapa,Tripura,Business,VERIFIED,MEDIUM,2026-05-22 13:44:06.474973
CUST00079,Jhalak Ganguly,1956-05-17,Rajpur Sonarpur,Himachal Pradesh,Business,PENDING,LOW,2026-05-22 13:44:06.474992
CUST00080,Daksh Uppal,1965-09-05,Kishanganj,Andhra Pradesh,Engineer,REJECTED,MEDIUM,2026-05-22 13:44:06.475010
CUST00081,Abhimanyu Subramaniam,1997-07-13,Suryapet,Chhattisgarh,Doctor,REJECTED,LOW,2026-05-22 13:44:06.475028
CUST00082,Eshana Sami,1958-09-23,Vadodara,Uttar Pradesh,Doctor,PENDING,MEDIUM,2026-05-22 13:44:06.475046
CUST00083,Diya Bobal,1992-02-24,Bally,Tamil Nadu,Government Employee,PENDING,MEDIUM,2026-05-22 13:44:06.475064
CUST00084,Rajata Gour,1985-04-28,Jehanabad,Goa,Business,VERIFIED,MEDIUM,2026-05-22 13:44:06.475081
CUST00085,Kala Lala,1982-04-22,Amroha,Odisha,Government Employee,REJECTED,MEDIUM,2026-05-22 13:44:06.475104
CUST00086,Aarini Sangha,1999-12-18,Tiruppur,West Bengal,Lawyer,VERIFIED,LOW,2026-05-22 13:44:06.475121
CUST00087,Farhan Chand,2004-12-27,Purnia,Tripura,Government Employee,PENDING,MEDIUM,2026-05-22 13:44:06.475138
CUST00088,Janaki Bala,1998-05-12,Karimnagar,Assam,Teacher,REJECTED,MEDIUM,2026-05-22 13:44:06.475165
CUST00089,Jagvi Das,1979-06-25,Amaravati,Nagaland,Lawyer,VERIFIED,MEDIUM,2026-05-22 13:44:06.475183
CUST00090,Harshil Hegde,2007-04-25,North Dumdum,Bihar,Engineer,VERIFIED,MEDIUM,2026-05-22 13:44:06.475202
CUST00091,Anay Bal,1971-01-18,Solapur,Tamil Nadu,Lawyer,REJECTED,HIGH,2026-05-22 13:44:06.475220
CUST00092,Ekaja Sagar,1951-03-03,Munger,Madhya Pradesh,Business,VERIFIED,LOW,2026-05-22 13:44:06.475238
CUST00093,Chaitaly Kala,1970-12-25,Ambarnath,Gujarat,Engineer,REJECTED,LOW,2026-05-22 13:44:06.475256
CUST00094,Jackson Chahal,1993-09-08,Bhind,Mizoram,Doctor,REJECTED,LOW,2026-05-22 13:44:06.475279
CUST00095,Isaac Sabharwal,2007-09-22,Gaya,Haryana,Government Employee,VERIFIED,HIGH,2026-05-22 13:44:06.475299
CUST00096,Faras Arora,1964-08-27,Chandrapur,Maharashtra,Business,VERIFIED,MEDIUM,2026-05-22 13:44:06.475316
CUST00097,Ekiya Srivastava,1993-02-16,Jamnagar,Jharkhand,Government Employee,PENDING,MEDIUM,2026-05-22 13:44:06.475334
CUST00098,Arin Mody,1996-06-28,Lucknow,Tripura,Engineer,REJECTED,HIGH,2026-05-22 13:44:06.475351
CUST00099,Kabir Chaudhuri,2002-12-21,Imphal,Sikkim,Teacher,REJECTED,LOW,2026-05-22 13:44:06.475375
CUST00100,Eshana Gupta,2000-12-07,Jalgaon,Assam,Teacher,REJECTED,MEDIUM,2026-05-22 13:44:06.475393
CUST00101,Kashish Mutti,1997-03-17,Tinsukia,Himachal Pradesh,Business,PENDING,HIGH,2026-05-22 13:44:06.475411
CUST00102,Faqid Sama,1955-03-21,South Dumdum,Meghalaya,Business,PENDING,LOW,2026-05-22 13:44:06.475427
CUST00103,Caleb Deshmukh,1962-10-06,Panvel,Sikkim,Business,PENDING,MEDIUM,2026-05-22 13:44:06.475443
CUST00104,Nilima Venkataraman,1957-11-26,Ambala,Tamil Nadu,Teacher,VERIFIED,MEDIUM,2026-05-22 13:44:06.475459
CUST00105,Yashasvi Bajwa,1962-11-26,Satara,Mizoram,Business,REJECTED,HIGH,2026-05-22 13:44:06.475476
CUST00106,Abeer Char,1973-04-23,Miryalaguda,Gujarat,Teacher,VERIFIED,LOW,2026-05-22 13:44:06.475492
CUST00107,Oni Badami,2005-03-01,Noida,Uttarakhand,Engineer,VERIFIED,MEDIUM,2026-05-22 13:44:06.475508
CUST00108,Jairaj Chadha,1981-02-23,Chittoor,Goa,Business,PENDING,HIGH,2026-05-22 13:44:06.475525
CUST00109,Kala Taneja,1981-07-17,Mangalore,Sikkim,Doctor,VERIFIED,HIGH,2026-05-22 13:44:06.475540
CUST00110,Benjamin Wali,1983-06-26,Ongole,Meghalaya,Engineer,REJECTED,MEDIUM,2026-05-22 13:44:06.475557
CUST00111,Sathvik Pradhan,1970-01-11,Howrah,Uttar Pradesh,Lawyer,PENDING,LOW,2026-05-22 13:44:06.475574
CUST00112,Chanchal Mahal,2002-04-16,Guna,Gujarat,Lawyer,REJECTED,HIGH,2026-05-22 13:44:06.475590
CUST00113,Chameli Bhattacharyya,1991-12-04,Sagar,Uttar Pradesh,Business,VERIFIED,MEDIUM,2026-05-22 13:44:06.475606
CUST00114,Falan Sibal,1981-03-23,Hospet,Uttar Pradesh,Business,PENDING,HIGH,2026-05-22 13:44:06.475625
CUST00115,Dalaja Talwar,1969-08-03,Farrukhabad,Bihar,Government Employee,REJECTED,LOW,2026-05-22 13:44:06.475641
CUST00116,Tanay Deshpande,2004-08-04,Bhilai,Uttarakhand,Business,VERIFIED,HIGH,2026-05-22 13:44:06.475658
CUST00117,Aadhya Goyal,1995-05-15,Jaunpur,Andhra Pradesh,Teacher,VERIFIED,MEDIUM,2026-05-22 13:44:06.475674
CUST00118,Lakshmi Bail,1999-12-03,Kakinada,Karnataka,Lawyer,PENDING,HIGH,2026-05-22 13:44:06.475690
CUST00119,Rishi Tata,1956-04-10,Hosur,Goa,Business,REJECTED,MEDIUM,2026-05-22 13:44:06.475707
CUST00120,Omya Saha,1960-01-22,Bikaner,Odisha,Lawyer,REJECTED,HIGH,2026-05-22 13:44:06.475723
CUST00121,Netra Agate,1976-09-16,Patiala,Uttar Pradesh,Government Employee,PENDING,MEDIUM,2026-05-22 13:44:06.475740
CUST00122,Omaja Lad,1973-04-20,Gandhinagar,Meghalaya,Business,PENDING,HIGH,2026-05-22 13:44:06.475756
CUST00123,Diya Rana,1987-11-05,Panipat,Goa,Teacher,PENDING,HIGH,2026-05-22 13:44:06.475773
CUST00124,Daksh Kashyap,2004-02-17,Muzaffarpur,Arunachal Pradesh,Doctor,VERIFIED,LOW,2026-05-22 13:44:06.475790
CUST00125,Kiaan Bhardwaj,1994-02-17,Kanpur,Mizoram,Engineer,REJECTED,HIGH,2026-05-22 13:44:06.475808
CUST00126,Hiral Viswanathan,1965-06-03,Ambala,Andhra Pradesh,Engineer,PENDING,MEDIUM,2026-05-22 13:44:06.475826
CUST00127,Ishani Nigam,1953-06-17,Cuttack,Tripura,Lawyer,VERIFIED,LOW,2026-05-22 13:44:06.475843
CUST00128,Devansh Keer,1957-01-11,Ozhukarai,Mizoram,Lawyer,REJECTED,MEDIUM,2026-05-22 13:44:06.475860
CUST00129,Shivansh Menon,1973-07-30,Kirari Suleman Nagar,Madhya Pradesh,Teacher,VERIFIED,MEDIUM,2026-05-22 13:44:06.475896
CUST00130,Charvi Mandal,2000-05-29,Tenali,Tamil Nadu,Lawyer,PENDING,LOW,2026-05-22 13:44:06.475916
CUST00131,Harsh Kota,2005-11-03,Rewa,Goa,Lawyer,REJECTED,HIGH,2026-05-22 13:44:06.475936
CUST00132,Yadavi Gulati,1965-05-06,Malda,Manipur,Doctor,REJECTED,MEDIUM,2026-05-22 13:44:06.475954
CUST00133,Xavier Nair,2001-04-13,Adoni,Arunachal Pradesh,Doctor,REJECTED,HIGH,2026-05-22 13:44:06.475974
CUST00134,Aahana Sarma,1971-01-01,Bally,Nagaland,Business,REJECTED,HIGH,2026-05-22 13:44:06.475992
CUST00135,Chakrika Bali,1983-06-06,Raebareli,Chhattisgarh,Engineer,VERIFIED,HIGH,2026-05-22 13:44:06.476009
CUST00136,Qasim Bose,1965-04-28,Belgaum,West Bengal,Engineer,REJECTED,LOW,2026-05-22 13:44:06.476028
CUST00137,Simon Chaudhari,2000-12-18,Giridih,Maharashtra,Engineer,PENDING,LOW,2026-05-22 13:44:06.476047
CUST00138,Ladli Keer,1999-01-19,Chandigarh,Bihar,Government Employee,REJECTED,HIGH,2026-05-22 13:44:06.476064
CUST00139,Ojas Master,1972-04-27,Guna,Tamil Nadu,Teacher,VERIFIED,MEDIUM,2026-05-22 13:44:06.476083
CUST00140,Nihal Narasimhan,2004-03-12,Thane,Meghalaya,Government Employee,VERIFIED,LOW,2026-05-22 13:44:06.476101
CUST00141,Jeevika Tripathi,1982-06-18,South Dumdum,Goa,Engineer,PENDING,LOW,2026-05-22 13:44:06.476118
CUST00142,Neel Kala,2002-06-02,Jaunpur,Manipur,Teacher,REJECTED,HIGH,2026-05-22 13:44:06.476135
CUST00143,Chandran Vyas,1979-12-31,Amravati,Tamil Nadu,Doctor,REJECTED,HIGH,2026-05-22 13:44:06.476153
CUST00144,Laksh Ramaswamy,1967-09-05,Tiruchirappalli,Rajasthan,Lawyer,PENDING,HIGH,2026-05-22 13:44:06.476171
CUST00145,Thomas Baria,1969-12-29,Nagercoil,Sikkim,Business,REJECTED,LOW,2026-05-22 13:44:06.476189
CUST00146,Karan Kothari,1952-01-03,Sagar,Jharkhand,Lawyer,VERIFIED,LOW,2026-05-22 13:44:06.476211
CUST00147,Yash Mutti,1965-04-17,Barasat,Nagaland,Teacher,VERIFIED,HIGH,2026-05-22 13:44:06.476227
CUST00148,William Majumdar,1967-04-29,Saharsa,Goa,Engineer,REJECTED,HIGH,2026-05-22 13:44:06.476247
CUST00149,Devika Subramaniam,2007-09-23,Begusarai,Madhya Pradesh,Doctor,REJECTED,MEDIUM,2026-05-22 13:44:06.476265
CUST00150,Darpan Sampath,1966-12-04,Kadapa,Tripura,Doctor,PENDING,LOW,2026-05-22 13:44:06.476285
CUST00151,Indrajit Thaman,1995-07-14,Phagwara,Madhya Pradesh,Lawyer,REJECTED,HIGH,2026-05-22 13:44:06.476301
CUST00152,Omya Sekhon,1953-08-18,Kozhikode,Karnataka,Teacher,PENDING,HIGH,2026-05-22 13:44:06.476318
CUST00153,Fariq Varkey,1961-01-30,Guntakal,Andhra Pradesh,Lawyer,PENDING,LOW,2026-05-22 13:44:06.476341
CUST00154,Yashawini Seth,1985-11-27,Jamalpur,Tamil Nadu,Government Employee,PENDING,LOW,2026-05-22 13:44:06.476357
CUST00155,Hamsini Narang,1959-08-14,Dharmavaram,Tamil Nadu,Government Employee,PENDING,LOW,2026-05-22 13:44:06.476372
CUST00156,Yoshita Kuruvilla,2000-04-10,Jammu,Assam,Lawyer,PENDING,MEDIUM,2026-05-22 13:44:06.476388
CUST00157,Chameli Comar,2007-07-17,Jaunpur,Haryana,Government Employee,VERIFIED,HIGH,2026-05-22 13:44:06.476415
CUST00158,Warhi Chaudry,1981-03-30,Mirzapur,Telangana,Business,PENDING,MEDIUM,2026-05-22 13:44:06.476433
CUST00159,Andrew Soni,1970-07-03,Pimpri-Chinchwad,Manipur,Government Employee,PENDING,LOW,2026-05-22 13:44:06.476452
CUST00160,Ijaya Kala,1957-09-29,Chandrapur,Meghalaya,Government Employee,REJECTED,LOW,2026-05-22 13:44:06.476469
CUST00161,Chaitaly Toor,1956-02-12,Avadi,Odisha,Business,VERIFIED,MEDIUM,2026-05-22 13:44:06.476487
CUST00162,Aadhya Srinivasan,1954-01-18,Udupi,Meghalaya,Lawyer,VERIFIED,MEDIUM,2026-05-22 13:44:06.476504
CUST00163,Guneet Sarkar,2005-02-16,Bellary,Uttarakhand,Business,REJECTED,HIGH,2026-05-22 13:44:06.476526
CUST00164,Tanish Goyal,2008-02-25,Srinagar,Karnataka,Lawyer,PENDING,MEDIUM,2026-05-22 13:44:06.476544
CUST00165,Yatin Shan,1977-11-18,Maheshtala,Tamil Nadu,Doctor,VERIFIED,LOW,2026-05-22 13:44:06.476562
CUST00166,Ekta Panchal,1967-10-13,Madanapalle,Maharashtra,Lawyer,VERIFIED,HIGH,2026-05-22 13:44:06.476580
CUST00167,Nihal Misra,1993-04-26,Imphal,Haryana,Business,REJECTED,MEDIUM,2026-05-22 13:44:06.476597
CUST00168,Pranav Sachar,1953-08-01,Amravati,Rajasthan,Doctor,PENDING,HIGH,2026-05-22 13:44:06.476616
CUST00169,Hritik Luthra,1962-02-01,Gudivada,Kerala,Teacher,VERIFIED,HIGH,2026-05-22 13:44:06.476633
CUST00170,Janaki Hayer,2006-07-02,Bardhaman,Chhattisgarh,Teacher,REJECTED,MEDIUM,2026-05-22 13:44:06.476654
CUST00171,Shivansh Sem,1968-06-20,Saharsa,Chhattisgarh,Teacher,VERIFIED,HIGH,2026-05-22 13:44:06.476672
CUST00172,Netra Thaman,1992-07-18,Nagercoil,Nagaland,Lawyer,REJECTED,MEDIUM,2026-05-22 13:44:06.476691
CUST00173,Lucky Banik,1965-09-01,Hubli–Dharwad,Nagaland,Doctor,PENDING,HIGH,2026-05-22 13:44:06.476710
CUST00174,Lavanya Barman,1979-10-21,Mira-Bhayandar,Jharkhand,Lawyer,REJECTED,LOW,2026-05-22 13:44:06.476729
CUST00175,Ira Anne,1960-12-15,Buxar,Chhattisgarh,Doctor,REJECTED,LOW,2026-05-22 13:44:06.476749
CUST00176,Sneha Mane,2007-02-20,Dharmavaram,Bihar,Doctor,VERIFIED,HIGH,2026-05-22 13:44:06.476768
CUST00177,Laban Jaggi,1996-10-26,Jamnagar,Arunachal Pradesh,Lawyer,REJECTED,MEDIUM,2026-05-22 13:44:06.476785
CUST00178,Caleb Krish,1997-01-25,Warangal,Tamil Nadu,Government Employee,VERIFIED,LOW,2026-05-22 13:44:06.476803
CUST00179,Kabir Agarwal,1960-12-18,Gaya,Chhattisgarh,Engineer,PENDING,MEDIUM,2026-05-22 13:44:06.476821
CUST00180,Teerth Konda,1979-05-22,Bharatpur,Arunachal Pradesh,Engineer,PENDING,LOW,2026-05-22 13:44:06.476839
CUST00181,Devika Parmar,2007-02-06,Sultan Pur Majra,Rajasthan,Government Employee,PENDING,LOW,2026-05-22 13:44:06.476857
CUST00182,Gaurangi Aggarwal,1990-03-05,Kota,Maharashtra,Engineer,PENDING,LOW,2026-05-22 13:44:06.476875
CUST00183,Anirudh Morar,1979-11-25,Mirzapur,Maharashtra,Teacher,VERIFIED,MEDIUM,2026-05-22 13:44:06.476895
CUST00184,Indali Bobal,1984-10-26,Bhopal,Sikkim,Government Employee,VERIFIED,HIGH,2026-05-22 13:44:06.476913
CUST00185,Anvi Subramaniam,2007-03-04,Arrah,Chhattisgarh,Doctor,VERIFIED,LOW,2026-05-22 13:44:06.476932
CUST00186,Jonathan Warrior,1985-06-12,New Delhi,Sikkim,Teacher,PENDING,MEDIUM,2026-05-22 13:44:06.476950
CUST00187,Nilima Pandya,2003-11-21,Alwar,Nagaland,Teacher,PENDING,HIGH,2026-05-22 13:44:06.476968
CUST00188,Rehaan Dhawan,2000-05-23,Akola,Andhra Pradesh,Doctor,VERIFIED,LOW,2026-05-22 13:44:06.476987
CUST00189,Gayathri De,1967-04-29,Jehanabad,Karnataka,Doctor,VERIFIED,MEDIUM,2026-05-22 13:44:06.477162
CUST00190,Vasatika Pandya,1996-08-15,Bharatpur,Jharkhand,Lawyer,REJECTED,HIGH,2026-05-22 13:44:06.477200
CUST00191,Rayaan Barman,1972-09-08,Berhampore,Odisha,Government Employee,VERIFIED,LOW,2026-05-22 13:44:06.477222
CUST00192,Nisha Nair,1985-10-07,Amaravati,Jharkhand,Engineer,REJECTED,MEDIUM,2026-05-22 13:44:06.477254
CUST00193,Oscar Saini,1959-06-24,Amritsar,Arunachal Pradesh,Business,REJECTED,HIGH,2026-05-22 13:44:06.477273
CUST00194,Shivani Rai,1963-06-01,Kumbakonam,West Bengal,Government Employee,PENDING,LOW,2026-05-22 13:44:06.477292
CUST00195,Unnati Patla,1960-02-19,Nashik,Odisha,Teacher,VERIFIED,HIGH,2026-05-22 13:44:06.477311
CUST00196,Girish Kakar,1959-10-23,Patiala,Gujarat,Business,REJECTED,MEDIUM,2026-05-22 13:44:06.477329
CUST00197,Manthan Rege,1993-01-06,Delhi,Maharashtra,Business,VERIFIED,HIGH,2026-05-22 13:44:06.477347
CUST00198,Sanya Dave,2005-02-14,Lucknow,Manipur,Teacher,PENDING,LOW,2026-05-22 13:44:06.477367
CUST00199,Harshil Ramachandran,1985-12-20,Bhimavaram,Haryana,Teacher,PENDING,LOW,2026-05-22 13:44:06.477387
CUST00200,Tanvi Kapadia,1983-07-12,Agartala,West Bengal,Government Employee,PENDING,HIGH,2026-05-22 13:44:06.477406
CUST00201,Rachana Kala,1954-06-08,Ghaziabad,Kerala,Lawyer,VERIFIED,MEDIUM,2026-05-22 13:44:06.477425
CUST00202,Zarna Pau,1959-03-31,Parbhani,Sikkim,Teacher,PENDING,LOW,2026-05-22 13:44:06.477447
CUST00203,Hritik Ratta,1987-01-22,Bathinda,Tamil Nadu,Business,PENDING,MEDIUM,2026-05-22 13:44:06.477477
CUST00204,Rishi Manda,1997-07-10,Latur,Madhya Pradesh,Doctor,PENDING,HIGH,2026-05-22 13:44:06.477504
CUST00205,Dayamai Sodhi,1983-12-30,Visakhapatnam,Tamil Nadu,Government Employee,REJECTED,MEDIUM,2026-05-22 13:44:06.477529
CUST00206,Falguni D’Alia,1976-09-05,Phagwara,Manipur,Government Employee,VERIFIED,LOW,2026-05-22 13:44:06.477555
CUST00207,Vedika Gopal,1960-01-16,Malegaon,Manipur,Government Employee,REJECTED,HIGH,2026-05-22 13:44:06.477581
CUST00208,Tanmayi Saraf,1950-08-07,Patiala,Gujarat,Teacher,REJECTED,LOW,2026-05-22 13:44:06.477609
CUST00209,Agastya Sachdev,1955-05-26,Ozhukarai,Bihar,Doctor,REJECTED,HIGH,2026-05-22 13:44:06.477635
CUST00210,Advika Dugar,1984-09-11,Tadipatri,Arunachal Pradesh,Business,PENDING,MEDIUM,2026-05-22 13:44:06.477662
CUST00211,Oliver Bala,2002-11-22,Jodhpur,Goa,Government Employee,PENDING,LOW,2026-05-22 13:44:06.477691
CUST00212,Gopal Vaidya,1995-09-23,Chandrapur,Punjab,Doctor,VERIFIED,LOW,2026-05-22 13:44:06.477717
CUST00213,Vasatika Varty,1975-06-21,Sultan Pur Majra,Bihar,Government Employee,PENDING,HIGH,2026-05-22 13:44:06.477745
CUST00214,Maanav Shere,1988-06-11,Srinagar,Madhya Pradesh,Doctor,VERIFIED,MEDIUM,2026-05-22 13:44:06.477772
CUST00215,Onkar Kant,1960-01-13,Gopalpur,Madhya Pradesh,Government Employee,REJECTED,LOW,2026-05-22 13:44:06.477813
CUST00216,Gunbir Pillai,2003-07-22,Agartala,Tamil Nadu,Lawyer,PENDING,MEDIUM,2026-05-22 13:44:06.477839
CUST00217,Rishi Pai,1985-04-14,Jehanabad,Punjab,Lawyer,REJECTED,LOW,2026-05-22 13:44:06.477867
CUST00218,Agastya Prakash,1953-06-21,Suryapet,Tripura,Engineer,REJECTED,LOW,2026-05-22 13:44:06.477892
CUST00219,Vritti Pant,1969-09-11,Vasai-Virar,Uttarakhand,Government Employee,REJECTED,HIGH,2026-05-22 13:44:06.477918
CUST00220,Leela Banik,1974-12-25,Rourkela,Chhattisgarh,Government Employee,PENDING,HIGH,2026-05-22 13:44:06.477942
CUST00221,Oliver Luthra,2000-06-08,Vijayawada,Himachal Pradesh,Government Employee,PENDING,HIGH,2026-05-22 13:44:06.477969
CUST00222,Hredhaan Singhal,1957-09-12,Karaikudi,Jharkhand,Teacher,PENDING,MEDIUM,2026-05-22 13:44:06.477995
CUST00223,Jai Toor,2005-07-12,Raurkela Industrial Township,Chhattisgarh,Lawyer,VERIFIED,LOW,2026-05-22 13:44:06.478024
CUST00224,Simon Varghese,1951-02-13,Tiruchirappalli,Arunachal Pradesh,Teacher,PENDING,MEDIUM,2026-05-22 13:44:06.478052
CUST00225,Timothy Prasad,1961-01-19,Mau,Odisha,Engineer,PENDING,LOW,2026-05-22 13:44:06.478080
CUST00226,Omkaar Bhargava,1988-07-30,Bhopal,Andhra Pradesh,Teacher,VERIFIED,LOW,2026-05-22 13:44:06.478109
CUST00227,Devika Gopal,1952-06-27,Kharagpur,West Bengal,Business,REJECTED,HIGH,2026-05-22 13:44:06.478137
CUST00228,Ekani Gaba,1979-09-02,Shahjahanpur,Goa,Engineer,REJECTED,MEDIUM,2026-05-22 13:44:06.478166
CUST00229,Charita Bhasin,1993-07-30,Bidar,Andhra Pradesh,Business,REJECTED,HIGH,2026-05-22 13:44:06.478193
CUST00230,Inaya Kanda,1984-05-10,Vellore,Haryana,Teacher,REJECTED,LOW,2026-05-22 13:44:06.478219
CUST00231,Xavier Acharya,1955-04-23,Vadodara,Jharkhand,Teacher,REJECTED,LOW,2026-05-22 13:44:06.478247
CUST00232,Ucchal Rastogi,1971-05-08,Pune,Himachal Pradesh,Engineer,PENDING,HIGH,2026-05-22 13:44:06.478272
CUST00233,Chaaya Kata,2004-08-02,Haridwar,Sikkim,Teacher,PENDING,LOW,2026-05-22 13:44:06.478298
CUST00234,Ranbir Sachdev,1998-08-03,Gandhidham,Sikkim,Teacher,REJECTED,LOW,2026-05-22 13:44:06.478329
CUST00235,Vidhi Koshy,1960-09-23,Noida,Tripura,Lawyer,PENDING,LOW,2026-05-22 13:44:06.478356
CUST00236,Anirudh Kulkarni,1995-11-23,Pudukkottai,West Bengal,Business,REJECTED,LOW,2026-05-22 13:44:06.478384
CUST00237,Hritik Chada,1952-06-24,Nandyal,Goa,Government Employee,VERIFIED,MEDIUM,2026-05-22 13:44:06.478408
CUST00238,Sai Mukherjee,1984-08-21,Bhiwandi,Andhra Pradesh,Government Employee,PENDING,HIGH,2026-05-22 13:44:06.478435
CUST00239,Ayaan Kapur,1989-05-17,Khora ,Goa,Doctor,PENDING,MEDIUM,2026-05-22 13:44:06.478463
CUST00240,Wishi Randhawa,1961-03-06,Hindupur,Jharkhand,Lawyer,VERIFIED,LOW,2026-05-22 13:44:06.478492
CUST00241,Patrick Vasa,1953-04-18,Adoni,Chhattisgarh,Engineer,PENDING,MEDIUM,2026-05-22 13:44:06.478518
CUST00242,Oscar Sawhney,1994-11-23,Vadodara,Karnataka,Business,REJECTED,MEDIUM,2026-05-22 13:44:06.478547
CUST00243,Upma Ramachandran,1973-02-27,Mirzapur,Haryana,Government Employee,PENDING,LOW,2026-05-22 13:44:06.478573
CUST00244,Dayamai Batra,2000-08-08,Mira-Bhayandar,Chhattisgarh,Doctor,REJECTED,HIGH,2026-05-22 13:44:06.478598
CUST00245,Ikbal Kuruvilla,1991-01-21,Tezpur,Kerala,Doctor,REJECTED,MEDIUM,2026-05-22 13:44:06.478623
CUST00246,Nilima Vohra,1952-08-09,Ahmedabad,Karnataka,Engineer,PENDING,MEDIUM,2026-05-22 13:44:06.478647
CUST00247,Ishanvi Pant,1964-08-18,Allahabad,Mizoram,Doctor,PENDING,HIGH,2026-05-22 13:44:06.478672
CUST00248,Libni Srinivasan,1977-06-08,Panihati,Tripura,Engineer,REJECTED,HIGH,2026-05-22 13:44:06.478701
CUST00249,Raghav Balay,1971-08-21,Shimoga,Tamil Nadu,Teacher,VERIFIED,MEDIUM,2026-05-22 13:44:06.478727
CUST00250,Kavya Bhatia,1972-10-10,Machilipatnam,Arunachal Pradesh,Lawyer,REJECTED,MEDIUM,2026-05-22 13:44:06.478753
CUST00251,Brijesh Arora,1961-01-07,Sangli-Miraj & Kupwad,Rajasthan,Teacher,PENDING,LOW,2026-05-22 13:44:06.478778
CUST00252,Aachal Pathak,1952-12-13,Mumbai,Mizoram,Engineer,VERIFIED,HIGH,2026-05-22 13:44:06.478973
CUST00253,Leena Ghose,1981-12-07,Dehradun,Uttarakhand,Government Employee,VERIFIED,LOW,2026-05-22 13:44:06.479007
CUST00254,Ryan Roy,1956-08-02,Dibrugarh,Uttarakhand,Government Employee,REJECTED,MEDIUM,2026-05-22 13:44:06.479028
CUST00255,Frederick Sahota,1976-08-11,Jhansi,Bihar,Government Employee,PENDING,MEDIUM,2026-05-22 13:44:06.479046
CUST00256,Janaki Pai,1957-08-13,Anantapuram,Maharashtra,Engineer,PENDING,LOW,2026-05-22 13:44:06.479065
CUST00257,Christopher Dani,1969-04-18,Ambattur,Sikkim,Engineer,VERIFIED,HIGH,2026-05-22 13:44:06.479085
CUST00258,Qushi Deshmukh,1954-11-14,Bhubaneswar,Maharashtra,Doctor,VERIFIED,LOW,2026-05-22 13:44:06.479104
CUST00259,Yutika Yohannan,1971-07-13,Jamnagar,Goa,Engineer,REJECTED,MEDIUM,2026-05-22 13:44:06.479127
CUST00260,Anvi Tank,1995-01-15,Mirzapur,Assam,Government Employee,REJECTED,HIGH,2026-05-22 13:44:06.479147
CUST00261,Mekhala Bhatia,1999-01-19,Bhopal,Haryana,Government Employee,VERIFIED,HIGH,2026-05-22 13:44:06.479166
CUST00262,Ekansh Raghavan,1975-08-11,Pune,West Bengal,Engineer,PENDING,HIGH,2026-05-22 13:44:06.479186
CUST00263,Warinder Sur,1980-06-27,Katni,Madhya Pradesh,Government Employee,PENDING,HIGH,2026-05-22 13:44:06.479205
CUST00264,Vyanjana Bail,1974-07-23,Nagercoil,Kerala,Government Employee,VERIFIED,MEDIUM,2026-05-22 13:44:06.479224
CUST00265,Xalak Walla,1995-02-24,Bhubaneswar,Sikkim,Teacher,PENDING,HIGH,2026-05-22 13:44:06.479244
CUST00266,Aachal Hayer,1969-04-27,Danapur,Chhattisgarh,Government Employee,VERIFIED,LOW,2026-05-22 13:44:06.479263
CUST00267,Yauvani Gola,1968-05-22,Anantapuram,Himachal Pradesh,Teacher,VERIFIED,HIGH,2026-05-22 13:44:06.479283
CUST00268,Nitara Pillay,1990-07-20,Chandigarh,Mizoram,Business,VERIFIED,LOW,2026-05-22 13:44:06.479302
CUST00269,Laban Gade,2001-06-28,Buxar,Rajasthan,Engineer,VERIFIED,MEDIUM,2026-05-22 13:44:06.479323
CUST00270,Zansi Bava,1970-02-16,Kakinada,Uttarakhand,Government Employee,REJECTED,HIGH,2026-05-22 13:44:06.479345
CUST00271,Hitesh Mahajan,1998-01-23,Satna,Gujarat,Teacher,VERIFIED,MEDIUM,2026-05-22 13:44:06.479363
CUST00272,Charvi Boase,2000-03-31,Pudukkottai,Nagaland,Engineer,PENDING,HIGH,2026-05-22 13:44:06.479382
CUST00273,Anirudh Pal,1964-08-31,Dibrugarh,West Bengal,Teacher,PENDING,HIGH,2026-05-22 13:44:06.479402
CUST00274,Azad Ghose,1978-11-25,Jamalpur,Goa,Lawyer,VERIFIED,HIGH,2026-05-22 13:44:06.479421
CUST00275,Rachit Iyengar,1953-06-28,Bhilwara,Assam,Business,REJECTED,MEDIUM,2026-05-22 13:44:06.479442
CUST00276,Upasna Madan,1993-08-15,Nandyal,Haryana,Engineer,PENDING,HIGH,2026-05-22 13:44:06.479463
CUST00277,Ranveer Hans,1998-11-26,Amaravati,Uttar Pradesh,Teacher,VERIFIED,HIGH,2026-05-22 13:44:06.479484
CUST00278,Nirja Prabhu,1991-03-09,Amroha,Telangana,Doctor,PENDING,MEDIUM,2026-05-22 13:44:06.479507
CUST00279,Aarav Pandey,1994-11-15,Kozhikode,Gujarat,Government Employee,PENDING,MEDIUM,2026-05-22 13:44:06.479529
CUST00280,Thomas Maharaj,1971-10-31,Pune,Jharkhand,Business,VERIFIED,LOW,2026-05-22 13:44:06.479551
CUST00281,Benjamin Chander,2005-04-13,Alappuzha,Uttarakhand,Lawyer,VERIFIED,HIGH,2026-05-22 13:44:06.479571
CUST00282,Ekapad Raj,1997-11-04,Kolkata,Manipur,Teacher,PENDING,MEDIUM,2026-05-22 13:44:06.479592
CUST00283,Diya Ghose,1953-01-19,Alappuzha,Tripura,Engineer,VERIFIED,LOW,2026-05-22 13:44:06.479613
CUST00284,Ucchal Bajwa,1969-02-26,Ghaziabad,Telangana,Doctor,REJECTED,HIGH,2026-05-22 13:44:06.479633
CUST00285,Keya Goswami,1984-10-05,Mathura,Arunachal Pradesh,Teacher,VERIFIED,MEDIUM,2026-05-22 13:44:06.479655
CUST00286,Aditya Hari,1965-12-29,Agra,Chhattisgarh,Doctor,PENDING,MEDIUM,2026-05-22 13:44:06.479675
CUST00287,Samesh Tak,1995-11-11,Dehri,Tripura,Business,VERIFIED,HIGH,2026-05-22 13:44:06.479695
CUST00288,Caleb Dua,1962-10-02,Kalyan-Dombivli,Sikkim,Doctor,REJECTED,LOW,2026-05-22 13:44:06.479716
CUST00289,Hemang Bhatnagar,1977-08-23,Anantapur,Gujarat,Business,VERIFIED,LOW,2026-05-22 13:44:06.479736
CUST00290,Januja Andra,1972-05-01,Raiganj,Tripura,Teacher,REJECTED,HIGH,2026-05-22 13:44:06.479757
CUST00291,Gabriel Johal,1977-10-10,Jorhat,Punjab,Teacher,VERIFIED,HIGH,2026-05-22 13:44:06.479778
CUST00292,Gopal Sampath,1971-11-25,Khammam,Odisha,Doctor,VERIFIED,MEDIUM,2026-05-22 13:44:06.479798
CUST00293,Ati Srinivas,2001-06-08,Fatehpur,West Bengal,Government Employee,VERIFIED,MEDIUM,2026-05-22 13:44:06.479819
CUST00294,Elijah Subramanian,1992-05-17,Bhiwandi,Madhya Pradesh,Lawyer,PENDING,MEDIUM,2026-05-22 13:44:06.479840
CUST00295,Anthony Tiwari,1974-01-05,Patiala,Tripura,Business,PENDING,MEDIUM,2026-05-22 13:44:06.479858
CUST00296,Harinakshi Varkey,1999-06-01,Kavali,Haryana,Doctor,PENDING,HIGH,2026-05-22 13:44:06.479878
CUST00297,Ishaan Shukla,1979-06-29,Motihari,Punjab,Engineer,PENDING,HIGH,2026-05-22 13:44:06.479898
CUST00298,Manthan Thakur,2007-07-14,Kozhikode,Odisha,Engineer,VERIFIED,HIGH,2026-05-22 13:44:06.479917
CUST00299,Balhaar Biswas,2004-07-01,Coimbatore,Punjab,Business,VERIFIED,MEDIUM,2026-05-22 13:44:06.479938
CUST00300,Gaurangi Mutti,1994-08-09,Pondicherry,Chhattisgarh,Government Employee,VERIFIED,LOW,2026-05-22 13:44:06.479957
CUST00301,Akshay Viswanathan,1973-05-09,Ambala,Punjab,Engineer,VERIFIED,HIGH,2026-05-22 13:44:06.479976
CUST00302,Nathaniel Wali,1979-03-26,Nadiad,Chhattisgarh,Doctor,PENDING,LOW,2026-05-22 13:44:06.479995
CUST00303,Vincent Kohli,1980-11-03,Khandwa,West Bengal,Business,PENDING,HIGH,2026-05-22 13:44:06.480014
CUST00304,Inaya Dhawan,1976-08-04,Sambalpur,Uttarakhand,Lawyer,VERIFIED,MEDIUM,2026-05-22 13:44:06.480034
CUST00305,Gayathri Chanda,1975-01-25,Miryalaguda,Gujarat,Teacher,REJECTED,HIGH,2026-05-22 13:44:06.480055
CUST00306,Krishna Sabharwal,2006-06-16,Tenali,Uttarakhand,Business,REJECTED,LOW,2026-05-22 13:44:06.480076
CUST00307,Shaurya Bumb,1967-06-22,Yamunanagar,Chhattisgarh,Business,REJECTED,MEDIUM,2026-05-22 13:44:06.480097
CUST00308,Chatura Balakrishnan,2006-12-26,Berhampur,West Bengal,Lawyer,PENDING,LOW,2026-05-22 13:44:06.480119
CUST00309,Chanakya Roy,1977-04-17,Rewa,Gujarat,Doctor,PENDING,LOW,2026-05-22 13:44:06.480146
CUST00310,Nitara Choudhary,2006-07-28,Raipur,Telangana,Business,REJECTED,MEDIUM,2026-05-22 13:44:06.480180
CUST00311,Samarth Bali,1972-09-24,Nellore,Sikkim,Lawyer,REJECTED,MEDIUM,2026-05-22 13:44:06.480203
CUST00312,Samaksh Kari,1974-01-30,Durgapur,Mizoram,Business,REJECTED,LOW,2026-05-22 13:44:06.480222
CUST00313,Ekaja Manne,1999-12-04,Gangtok,Arunachal Pradesh,Teacher,REJECTED,HIGH,2026-05-22 13:44:06.480242
CUST00314,Timothy Sem,1998-09-19,Delhi,Kerala,Doctor,PENDING,LOW,2026-05-22 13:44:06.480261
CUST00315,Chatresh Pingle,1971-04-06,Pali,Rajasthan,Government Employee,VERIFIED,MEDIUM,2026-05-22 13:44:06.480280
CUST00316,Jeevika Dash,1965-04-15,Muzaffarnagar,Assam,Lawyer,REJECTED,HIGH,2026-05-22 13:44:06.480299
CUST00317,Mekhala Bhakta,1992-06-07,Jaipur,Bihar,Business,REJECTED,HIGH,2026-05-22 13:44:06.480318
CUST00318,Vidhi Sengupta,1982-11-04,Kulti,Arunachal Pradesh,Teacher,REJECTED,MEDIUM,2026-05-22 13:44:06.480338
CUST00319,Falan Sabharwal,1956-08-14,Bellary,Gujarat,Lawyer,VERIFIED,LOW,2026-05-22 13:44:06.480358
CUST00320,Gunbir Bora,1992-09-24,Navi Mumbai,Assam,Lawyer,PENDING,MEDIUM,2026-05-22 13:44:06.480379
CUST00321,Chaitaly Samra,2008-03-11,Sambalpur,Bihar,Doctor,VERIFIED,LOW,2026-05-22 13:44:06.480399
CUST00322,Charita Wali,1961-02-20,Bhilwara,Gujarat,Lawyer,REJECTED,HIGH,2026-05-22 13:44:06.480417
CUST00323,Nachiket Narayan,1970-03-21,Bhimavaram,Assam,Business,REJECTED,LOW,2026-05-22 13:44:06.480437
CUST00324,Henry Sheth,1989-11-08,Gaya,Arunachal Pradesh,Teacher,REJECTED,HIGH,2026-05-22 13:44:06.480458
CUST00325,Tamanna Kanda,1998-03-14,Saharsa,Assam,Lawyer,REJECTED,LOW,2026-05-22 13:44:06.480479
CUST00326,Damyanti Suresh,1966-02-05,Dhanbad,Uttarakhand,Doctor,VERIFIED,HIGH,2026-05-22 13:44:06.480500
CUST00327,Krish Saran,2003-04-01,Mira-Bhayandar,West Bengal,Government Employee,REJECTED,HIGH,2026-05-22 13:44:06.480520
CUST00328,Urvashi Seshadri,1982-10-07,Suryapet,Rajasthan,Doctor,VERIFIED,LOW,2026-05-22 13:44:06.480540
CUST00329,Bahadurjit Prasad,1994-10-21,Ambattur,Tripura,Lawyer,REJECTED,LOW,2026-05-22 13:44:06.480558
CUST00330,Advaith Chanda,1971-09-07,Thiruvananthapuram,Kerala,Doctor,VERIFIED,MEDIUM,2026-05-22 13:44:06.480577
CUST00331,Ishita Brahmbhatt,1955-08-07,Orai,Manipur,Engineer,REJECTED,HIGH,2026-05-22 13:44:06.480596
CUST00332,Chaitaly Bassi,1950-09-17,Gwalior,Haryana,Engineer,VERIFIED,LOW,2026-05-22 13:44:06.480615
CUST00333,Arya Swaminathan,1965-02-16,Rampur,Odisha,Lawyer,PENDING,HIGH,2026-05-22 13:44:06.480633
CUST00334,Urvashi Dugal,1967-12-25,Narasaraopet,Uttarakhand,Teacher,REJECTED,MEDIUM,2026-05-22 13:44:06.480652
CUST00335,Aadi Bala,1969-08-05,Junagadh,Uttarakhand,Engineer,PENDING,LOW,2026-05-22 13:44:06.480671
CUST00336,Siddharth Rao,2003-09-15,Chennai,Chhattisgarh,Teacher,PENDING,LOW,2026-05-22 13:44:06.480690
CUST00337,Chanakya Madan,1985-11-17,Rohtak,Tripura,Teacher,REJECTED,LOW,2026-05-22 13:44:06.480708
CUST00338,Nimrat Saran,1992-04-30,Anantapuram,Bihar,Engineer,REJECTED,LOW,2026-05-22 13:44:06.480727
CUST00339,Neha Gill,1951-11-24,Singrauli,Punjab,Government Employee,REJECTED,LOW,2026-05-22 13:44:06.480746
CUST00340,Girindra Sarin,1968-08-15,Serampore,Assam,Lawyer,VERIFIED,HIGH,2026-05-22 13:44:06.480767
CUST00341,Karan Rau,1968-02-29,Ichalkaranji,Goa,Business,REJECTED,LOW,2026-05-22 13:44:06.480858
CUST00342,Jagdish Narayan,1988-04-15,Serampore,Assam,Business,REJECTED,LOW,2026-05-22 13:44:06.480884
CUST00343,Yuvraj Borah,1999-02-18,Purnia,Maharashtra,Engineer,REJECTED,MEDIUM,2026-05-22 13:44:06.480905
CUST00344,Nitesh Pau,1998-02-13,Dehradun,West Bengal,Business,REJECTED,HIGH,2026-05-22 13:44:06.480924
CUST00345,Zinal Luthra,1987-05-09,Amaravati,Himachal Pradesh,Business,REJECTED,MEDIUM,2026-05-22 13:44:06.480943
CUST00346,Dalbir Rai,2000-05-21,Mumbai,Meghalaya,Engineer,VERIFIED,LOW,2026-05-22 13:44:06.480961
CUST00347,Onkar Bath,2008-03-01,Amravati,Uttarakhand,Lawyer,PENDING,LOW,2026-05-22 13:44:06.480979
CUST00348,Priya Dua,1986-02-25,Ambattur,Chhattisgarh,Government Employee,VERIFIED,HIGH,2026-05-22 13:44:06.480999
CUST00349,Jai Deshmukh,1955-06-09,Satara,Nagaland,Government Employee,VERIFIED,MEDIUM,2026-05-22 13:44:06.481018
CUST00350,Aishani Chadha,1962-09-10,Ujjain,Kerala,Teacher,VERIFIED,LOW,2026-05-22 13:44:06.481037
CUST00351,Frado Deshmukh,2005-04-11,Saharsa,Meghalaya,Teacher,VERIFIED,LOW,2026-05-22 13:44:06.481055
CUST00352,Nathaniel Sundaram,1983-03-28,Ghaziabad,Maharashtra,Doctor,REJECTED,MEDIUM,2026-05-22 13:44:06.481074
CUST00353,Mohammed Krish,1958-10-23,Miryalaguda,Uttarakhand,Teacher,PENDING,MEDIUM,2026-05-22 13:44:06.481092
CUST00354,Lajita Hegde,1999-03-09,Danapur,Karnataka,Engineer,REJECTED,HIGH,2026-05-22 13:44:06.481112
CUST00355,Tripti Tiwari,1978-09-18,Narasaraopet,Sikkim,Government Employee,PENDING,LOW,2026-05-22 13:44:06.481131
CUST00356,Nisha Chacko,1978-04-18,North Dumdum,Maharashtra,Government Employee,VERIFIED,MEDIUM,2026-05-22 13:44:06.481149
CUST00357,Vyanjana Krish,1994-06-21,Rajkot,Jharkhand,Doctor,REJECTED,MEDIUM,2026-05-22 13:44:06.481167
CUST00358,Chavvi Bir,1976-01-22,New Delhi,Meghalaya,Doctor,VERIFIED,LOW,2026-05-22 13:44:06.481185
CUST00359,Wazir Bhagat,1968-07-16,Nadiad,Madhya Pradesh,Government Employee,REJECTED,LOW,2026-05-22 13:44:06.481205
CUST00360,Rushil Dubey,1982-09-01,Bardhaman,Madhya Pradesh,Doctor,REJECTED,HIGH,2026-05-22 13:44:06.481224
CUST00361,Arya Dua,2004-08-21,Nandyal,Jharkhand,Engineer,PENDING,MEDIUM,2026-05-22 13:44:06.481241
CUST00362,Utkarsh Dasgupta,1971-06-26,Salem,Uttar Pradesh,Business,PENDING,MEDIUM,2026-05-22 13:44:06.481259
CUST00363,Zinal Balakrishnan,2000-12-17,Nanded,Tamil Nadu,Government Employee,REJECTED,HIGH,2026-05-22 13:44:06.481283
CUST00364,Upasna Balakrishnan,1986-02-03,Delhi,Bihar,Government Employee,REJECTED,MEDIUM,2026-05-22 13:44:06.481301
CUST00365,Kiaan Raju,1978-05-19,Srinagar,Mizoram,Government Employee,REJECTED,HIGH,2026-05-22 13:44:06.481319
CUST00366,Noah Dalal,1993-03-18,Bahraich,Telangana,Government Employee,VERIFIED,HIGH,2026-05-22 13:44:06.481337
CUST00367,Bahadurjit Mahajan,1976-07-21,Phusro,Haryana,Engineer,PENDING,HIGH,2026-05-22 13:44:06.481356
CUST00368,Fiyaz Nayar,1956-10-17,Kulti,Punjab,Teacher,REJECTED,MEDIUM,2026-05-22 13:44:06.481373
CUST00369,Jhalak Varty,1956-01-28,Amritsar,Nagaland,Engineer,REJECTED,LOW,2026-05-22 13:44:06.481391
CUST00370,Girish Karan,1957-02-28,Dibrugarh,Telangana,Doctor,VERIFIED,LOW,2026-05-22 13:44:06.481409
CUST00371,Zilmil Buch,1951-11-27,Bellary,Assam,Government Employee,REJECTED,MEDIUM,2026-05-22 13:44:06.481427
CUST00372,Ekantika Pandit,1977-03-06,Morbi,Jharkhand,Doctor,PENDING,HIGH,2026-05-22 13:44:06.481445
CUST00373,Ati Raghavan,2002-03-25,Kollam,Rajasthan,Lawyer,VERIFIED,MEDIUM,2026-05-22 13:44:06.481463
CUST00374,Avni Jhaveri,2003-06-14,Rourkela,Telangana,Business,REJECTED,HIGH,2026-05-22 13:44:06.481481
CUST00375,Yahvi Barad,1954-12-20,Bijapur,Telangana,Engineer,PENDING,MEDIUM,2026-05-22 13:44:06.481499
CUST00376,Dhriti Bora,1955-08-11,Phusro,Meghalaya,Business,VERIFIED,LOW,2026-05-22 13:44:06.481516
CUST00377,Hemal De,2008-03-15,Jalandhar,Maharashtra,Business,VERIFIED,HIGH,2026-05-22 13:44:06.481534
CUST00378,Upma Gala,1961-09-19,Tadipatri,Gujarat,Doctor,REJECTED,MEDIUM,2026-05-22 13:44:06.481551
CUST00379,Vyanjana Biswas,1952-09-25,Latur,Odisha,Engineer,VERIFIED,LOW,2026-05-22 13:44:06.481569
CUST00380,Amara Kari,1972-09-01,Burhanpur,Uttar Pradesh,Doctor,VERIFIED,LOW,2026-05-22 13:44:06.481588
CUST00381,Gautam Kota,1987-07-09,Gudivada,Himachal Pradesh,Teacher,REJECTED,LOW,2026-05-22 13:44:06.481606
CUST00382,Ridhi Sood,1976-04-21,North Dumdum,West Bengal,Business,PENDING,LOW,2026-05-22 13:44:06.481623
CUST00383,Devansh Kadakia,1970-07-07,Agra,Punjab,Lawyer,REJECTED,LOW,2026-05-22 13:44:06.481642
CUST00384,Vinaya Dhillon,1983-11-12,Rampur,West Bengal,Teacher,REJECTED,LOW,2026-05-22 13:44:06.481659
CUST00385,Keya Saha,1976-02-19,Ratlam,Jharkhand,Business,PENDING,HIGH,2026-05-22 13:44:06.481677
CUST00386,Ekiya Mand,2007-01-09,Ambarnath,Tripura,Business,VERIFIED,HIGH,2026-05-22 13:44:06.481696
CUST00387,Eshana Bhattacharyya,2004-02-16,Tezpur,Bihar,Doctor,VERIFIED,LOW,2026-05-22 13:44:06.481717
CUST00388,Chandani Merchant,1970-11-25,Gandhidham,Sikkim,Lawyer,PENDING,LOW,2026-05-22 13:44:06.481735
CUST00389,Nilima Vyas,2005-07-12,Mehsana,Chhattisgarh,Teacher,VERIFIED,LOW,2026-05-22 13:44:06.481752
CUST00390,Leena Gandhi,1961-12-25,Asansol,Manipur,Lawyer,VERIFIED,HIGH,2026-05-22 13:44:06.481769
CUST00391,Yahvi Kothari,1995-03-01,Secunderabad,Chhattisgarh,Business,VERIFIED,MEDIUM,2026-05-22 13:44:06.481788
CUST00392,Gaurav Patel,1993-06-16,Amravati,Karnataka,Lawyer,VERIFIED,HIGH,2026-05-22 13:44:06.481806
CUST00393,Hritik Ben,1963-10-15,Arrah,Gujarat,Doctor,VERIFIED,LOW,2026-05-22 13:44:06.481824
CUST00394,Zehaan Sen,1982-07-24,Bangalore,Nagaland,Engineer,PENDING,MEDIUM,2026-05-22 13:44:06.481842
CUST00395,Chandresh Dubey,2002-06-05,Kharagpur,Kerala,Teacher,VERIFIED,HIGH,2026-05-22 13:44:06.481860
CUST00396,Qasim Raja,1953-06-14,Haridwar,Chhattisgarh,Engineer,VERIFIED,LOW,2026-05-22 13:44:06.481878
CUST00397,Gaurangi Nagar,2000-07-01,Sagar,Bihar,Doctor,PENDING,MEDIUM,2026-05-22 13:44:06.481895
CUST00398,Jason Sami,1970-02-03,Sikar,Sikkim,Government Employee,VERIFIED,HIGH,2026-05-22 13:44:06.481912
CUST00399,Varenya Dara,2002-03-28,Sonipat,Goa,Doctor,VERIFIED,LOW,2026-05-22 13:44:06.481930
CUST00400,Chandresh Swamy,1971-06-21,Ramagundam,Jharkhand,Government Employee,REJECTED,LOW,2026-05-22 13:44:06.481948
CUST00401,Damini Hari,2002-04-23,Sambalpur,Nagaland,Doctor,VERIFIED,MEDIUM,2026-05-22 13:44:06.481968
CUST00402,Teerth Misra,1963-07-26,Amroha,Gujarat,Engineer,VERIFIED,LOW,2026-05-22 13:44:06.481988
CUST00403,Balhaar Varty,1968-04-11,Kamarhati,Tamil Nadu,Teacher,PENDING,MEDIUM,2026-05-22 13:44:06.482007
CUST00404,Brijesh Rajan,1972-05-23,Medininagar,Punjab,Doctor,PENDING,LOW,2026-05-22 13:44:06.482024
CUST00405,Ayush Aurora,1969-02-23,Nizamabad,Karnataka,Teacher,PENDING,LOW,2026-05-22 13:44:06.482042
CUST00406,Ishanvi Palla,1976-04-02,Serampore,Karnataka,Teacher,VERIFIED,MEDIUM,2026-05-22 13:44:06.482062
CUST00407,Rachana Baria,2003-11-10,New Delhi,Nagaland,Government Employee,VERIFIED,LOW,2026-05-22 13:44:06.482080
CUST00408,Gaurangi Wali,1989-11-11,Mirzapur,Sikkim,Doctor,REJECTED,HIGH,2026-05-22 13:44:06.482098
CUST00409,Chaitaly Kakar,1997-11-17,Jorhat,Haryana,Government Employee,VERIFIED,LOW,2026-05-22 13:44:06.482116
CUST00410,Zehaan Bora,1960-05-15,Hosur,Assam,Teacher,VERIFIED,MEDIUM,2026-05-22 13:44:06.482133
CUST00411,Ayushman Sule,1950-09-05,Raichur,Andhra Pradesh,Government Employee,VERIFIED,HIGH,2026-05-22 13:44:06.482152
CUST00412,Charvi Bawa,1968-12-14,Rewa,Maharashtra,Engineer,REJECTED,MEDIUM,2026-05-22 13:44:06.482170
CUST00413,Widisha Sami,1964-08-16,Thrissur,Punjab,Business,PENDING,HIGH,2026-05-22 13:44:06.482197
CUST00414,Chandran Krishna,1954-10-29,Udaipur,Karnataka,Business,PENDING,LOW,2026-05-22 13:44:06.482217
CUST00415,Aarush Mittal,1961-03-11,Katihar,Jharkhand,Lawyer,PENDING,MEDIUM,2026-05-22 13:44:06.482236
CUST00416,Aadi Kunda,1967-11-13,Tirunelveli,Nagaland,Government Employee,PENDING,LOW,2026-05-22 13:44:06.482257
CUST00417,Omisha Sunder,1959-04-02,Karimnagar,Punjab,Lawyer,PENDING,HIGH,2026-05-22 13:44:06.482277
CUST00418,Jason Sabharwal,1996-02-17,Jehanabad,Meghalaya,Government Employee,PENDING,HIGH,2026-05-22 13:44:06.482297
CUST00419,Divya Ahuja,1988-07-28,Nashik,Assam,Lawyer,REJECTED,MEDIUM,2026-05-22 13:44:06.482323
CUST00420,Bhavani Kothari,1951-12-17,Coimbatore,Tamil Nadu,Doctor,REJECTED,LOW,2026-05-22 13:44:06.482346
CUST00421,Mohammed Lad,1973-01-14,Kochi,Rajasthan,Teacher,PENDING,MEDIUM,2026-05-22 13:44:06.482366
CUST00422,Vritti Bhatti,1992-04-15,Saharanpur,Odisha,Doctor,REJECTED,HIGH,2026-05-22 13:44:06.482386
CUST00423,Oscar Uppal,1979-04-25,Dibrugarh,West Bengal,Government Employee,PENDING,HIGH,2026-05-22 13:44:06.482404
CUST00424,Vinaya Morar,1963-05-16,Sambalpur,Maharashtra,Government Employee,REJECTED,HIGH,2026-05-22 13:44:06.482424
CUST00425,Aishani Gola,1993-10-24,Silchar,Maharashtra,Government Employee,REJECTED,MEDIUM,2026-05-22 13:44:06.482444
CUST00426,Hritik Bains,1955-09-08,Bikaner,Uttarakhand,Government Employee,PENDING,HIGH,2026-05-22 13:44:06.482465
CUST00427,Rishi Sidhu,1955-03-22,Anantapur,Meghalaya,Engineer,REJECTED,MEDIUM,2026-05-22 13:44:06.482485
CUST00428,Om Dora,2003-07-21,Bikaner,Uttarakhand,Teacher,VERIFIED,LOW,2026-05-22 13:44:06.482505
CUST00429,Maanav Hayre,1996-07-12,Gopalpur,Meghalaya,Government Employee,VERIFIED,HIGH,2026-05-22 13:44:06.482525
CUST00430,Jatin Anne,1997-05-21,Ramagundam,Chhattisgarh,Engineer,PENDING,LOW,2026-05-22 13:44:06.482545
CUST00431,Yoshita Saha,1991-01-20,Kishanganj,Punjab,Lawyer,PENDING,HIGH,2026-05-22 13:44:06.482563
CUST00432,Kashvi Chaudhuri,2001-04-01,Bidar,Andhra Pradesh,Doctor,REJECTED,MEDIUM,2026-05-22 13:44:06.482582
CUST00433,Raksha Wagle,1952-02-06,Kamarhati,Mizoram,Business,VERIFIED,MEDIUM,2026-05-22 13:44:06.482601
CUST00434,Yasti Gera,1956-10-21,Ghaziabad,Karnataka,Business,REJECTED,HIGH,2026-05-22 13:44:06.482620
CUST00435,Luke Samra,1957-04-07,Agra,Himachal Pradesh,Business,REJECTED,MEDIUM,2026-05-22 13:44:06.482640
CUST00436,Advika Aurora,1982-03-13,Gangtok,Meghalaya,Business,PENDING,HIGH,2026-05-22 13:44:06.482660
CUST00437,Fiyaz Singhal,1974-12-28,Udupi,Goa,Engineer,PENDING,HIGH,2026-05-22 13:44:06.482748
CUST00438,Vritti Buch,1975-09-24,Rajpur Sonarpur,Andhra Pradesh,Government Employee,PENDING,MEDIUM,2026-05-22 13:44:06.482768
CUST00439,Adweta Venkataraman,1950-07-10,Noida,Karnataka,Government Employee,VERIFIED,LOW,2026-05-22 13:44:06.482790
CUST00440,Utkarsh Chopra,1962-08-28,Kota,Uttarakhand,Doctor,REJECTED,MEDIUM,2026-05-22 13:44:06.482869
CUST00441,Kiaan Narasimhan,1951-07-09,Loni,Odisha,Engineer,PENDING,LOW,2026-05-22 13:44:06.482984
CUST00442,Vedika Dara,1980-08-14,Yamunanagar,Telangana,Government Employee,REJECTED,HIGH,2026-05-22 13:44:06.483012
CUST00443,Farhan Chacko,1970-09-07,Ratlam,Jharkhand,Business,VERIFIED,MEDIUM,2026-05-22 13:44:06.483037
CUST00444,Ayaan Seshadri,2007-08-26,Kota,Uttarakhand,Doctor,REJECTED,MEDIUM,2026-05-22 13:44:06.483056
CUST00445,Adya Singhal,1999-01-27,Guntur,Goa,Doctor,REJECTED,LOW,2026-05-22 13:44:06.483078
CUST00446,Ikbal Bora,2005-09-11,Warangal,Gujarat,Engineer,PENDING,MEDIUM,2026-05-22 13:44:06.483096
CUST00447,Elijah Majumdar,1957-09-06,Panchkula,Assam,Business,VERIFIED,LOW,2026-05-22 13:44:06.483115
CUST00448,Isaac Lala,1978-12-30,Kolhapur,Nagaland,Business,REJECTED,HIGH,2026-05-22 13:44:06.483134
CUST00449,Upadhriti Lal,1990-11-24,Bihar Sharif,Tamil Nadu,Teacher,REJECTED,LOW,2026-05-22 13:44:06.483153
CUST00450,Aradhana Divan,1951-07-06,Tiruchirappalli,Odisha,Lawyer,PENDING,MEDIUM,2026-05-22 13:44:06.483176
CUST00451,Tejas Bajaj,1966-08-23,Rajahmundry,Uttarakhand,Lawyer,VERIFIED,HIGH,2026-05-22 13:44:06.483194
CUST00452,Anita Sampath,1998-03-12,Loni,Andhra Pradesh,Doctor,PENDING,LOW,2026-05-22 13:44:06.483215
CUST00453,Sanaya Wagle,1952-07-06,Kollam,Madhya Pradesh,Business,PENDING,MEDIUM,2026-05-22 13:44:06.483238
CUST00454,Frado Sharma,1957-09-22,Deoghar,Manipur,Government Employee,PENDING,LOW,2026-05-22 13:44:06.483257
CUST00455,Advaith Date,2007-02-17,Cuttack,Assam,Government Employee,REJECTED,MEDIUM,2026-05-22 13:44:06.483280
CUST00456,Sanya Sibal,1979-12-10,Lucknow,Andhra Pradesh,Teacher,PENDING,MEDIUM,2026-05-22 13:44:06.483298
CUST00457,Chatura Mangal,1992-07-15,Serampore,Manipur,Government Employee,VERIFIED,HIGH,2026-05-22 13:44:06.483315
CUST00458,Maanav Chahal,1979-02-13,Deoghar,Madhya Pradesh,Doctor,PENDING,LOW,2026-05-22 13:44:06.483335
CUST00459,Yuvraj Panchal,1975-06-10,Purnia,Uttar Pradesh,Government Employee,REJECTED,HIGH,2026-05-22 13:44:06.483355
CUST00460,Upma Chatterjee,1954-09-05,Nellore,West Bengal,Business,PENDING,HIGH,2026-05-22 13:44:06.483375
CUST00461,Keya Ahuja,1961-04-11,Jhansi,Sikkim,Doctor,REJECTED,LOW,2026-05-22 13:44:06.483393
CUST00462,Omisha Hari,1972-01-03,Imphal,Maharashtra,Business,REJECTED,LOW,2026-05-22 13:44:06.483409
CUST00463,Yashodhara Patla,2004-02-28,Kamarhati,Uttar Pradesh,Government Employee,PENDING,HIGH,2026-05-22 13:44:06.483426
CUST00464,Sathvik Ranganathan,1999-11-09,Bellary,Mizoram,Engineer,VERIFIED,MEDIUM,2026-05-22 13:44:06.483444
CUST00465,Ojas Narayan,1968-12-14,Sirsa,Meghalaya,Teacher,VERIFIED,HIGH,2026-05-22 13:44:06.483473
CUST00466,Zayyan Bhardwaj,2005-09-24,Kavali,Karnataka,Government Employee,PENDING,MEDIUM,2026-05-22 13:44:06.483491
CUST00467,Ekaja Chad,1983-02-20,Jalna,Sikkim,Lawyer,REJECTED,MEDIUM,2026-05-22 13:44:06.483509
CUST00468,Panini Prabhu,2003-10-20,Davanagere,Sikkim,Business,REJECTED,HIGH,2026-05-22 13:44:06.483527
CUST00469,Megha Vaidya,1992-01-05,Katihar,Assam,Business,REJECTED,MEDIUM,2026-05-22 13:44:06.483546
CUST00470,Janani Kapoor,1951-10-09,Indore,Haryana,Doctor,VERIFIED,HIGH,2026-05-22 13:44:06.483564
CUST00471,Ayaan Babu,1984-02-19,Howrah,Tamil Nadu,Doctor,REJECTED,LOW,2026-05-22 13:44:06.483585
CUST00472,Sanya Dass,1981-06-16,Thanjavur,Odisha,Government Employee,REJECTED,HIGH,2026-05-22 13:44:06.483615
CUST00473,Ganga Dhaliwal,1962-08-05,Surat,Tripura,Doctor,VERIFIED,LOW,2026-05-22 13:44:06.483642
CUST00474,Alexander Lad,1989-04-15,Hapur,Haryana,Teacher,REJECTED,MEDIUM,2026-05-22 13:44:06.483666
CUST00475,Damyanti Andra,1962-08-18,Kottayam,Manipur,Doctor,VERIFIED,MEDIUM,2026-05-22 13:44:06.483697
CUST00476,Kamya Tripathi,1970-03-13,Nadiad,Chhattisgarh,Government Employee,PENDING,MEDIUM,2026-05-22 13:44:06.483721
CUST00477,Oscar Natt,1976-05-02,Berhampore,Himachal Pradesh,Lawyer,PENDING,MEDIUM,2026-05-22 13:44:06.483765
CUST00478,Mugdha Radhakrishnan,1965-11-28,Tirupati,Andhra Pradesh,Doctor,VERIFIED,MEDIUM,2026-05-22 13:44:06.483799
CUST00479,Ijaya Dhaliwal,1957-03-13,Bangalore,West Bengal,Doctor,PENDING,LOW,2026-05-22 13:44:06.483829
CUST00480,Sai Chaudhry,1983-01-01,Karimnagar,Odisha,Government Employee,REJECTED,HIGH,2026-05-22 13:44:06.483855
CUST00481,Rudra Rana,1987-08-21,Bhilwara,Andhra Pradesh,Engineer,PENDING,MEDIUM,2026-05-22 13:44:06.483893
CUST00482,Aarna Oommen,1981-07-20,Sonipat,Chhattisgarh,Teacher,VERIFIED,LOW,2026-05-22 13:44:06.483918
CUST00483,Ekanta Barman,1955-09-21,Bhiwani,Odisha,Engineer,REJECTED,MEDIUM,2026-05-22 13:44:06.483943
CUST00484,Ekta Sengupta,1971-10-02,Surendranagar Dudhrej,Assam,Doctor,PENDING,HIGH,2026-05-22 13:44:06.483979
CUST00485,Omaja Kannan,1973-01-15,Narasaraopet,Uttarakhand,Doctor,REJECTED,HIGH,2026-05-22 13:44:06.484004
CUST00486,Yachana Krish,2006-09-28,Medininagar,Goa,Doctor,PENDING,HIGH,2026-05-22 13:44:06.484030
CUST00487,Vivaan Mandal,1993-09-12,Srinagar,Nagaland,Engineer,REJECTED,MEDIUM,2026-05-22 13:44:06.484058
CUST00488,Jackson Lata,1967-04-20,Sagar,Uttar Pradesh,Engineer,REJECTED,MEDIUM,2026-05-22 13:44:06.484090
CUST00489,Bishakha Das,1995-04-17,Patiala,Himachal Pradesh,Government Employee,REJECTED,MEDIUM,2026-05-22 13:44:06.484118
CUST00490,Aarav Bahri,1995-09-15,Ahmedabad,Kerala,Business,VERIFIED,LOW,2026-05-22 13:44:06.484147
CUST00491,Quincy Kaul,1966-11-02,Bellary,Chhattisgarh,Engineer,REJECTED,LOW,2026-05-22 13:44:06.484175
CUST00492,Amaira Rana,1970-10-09,Kharagpur,Arunachal Pradesh,Lawyer,PENDING,LOW,2026-05-22 13:44:06.484203
CUST00493,Radha Lad,1987-02-19,Ulhasnagar,Himachal Pradesh,Doctor,VERIFIED,LOW,2026-05-22 13:44:06.484228
CUST00494,Chavvi Verma,2000-01-19,Thoothukudi,Gujarat,Engineer,PENDING,HIGH,2026-05-22 13:44:06.484264
CUST00495,Aarav Bhatti,1966-06-11,Morena,Punjab,Lawyer,VERIFIED,MEDIUM,2026-05-22 13:44:06.484291
CUST00496,Gaurangi Randhawa,1996-03-03,Sikar,Assam,Government Employee,VERIFIED,LOW,2026-05-22 13:44:06.484316
CUST00497,Amaira Borah,1985-04-08,Pudukkottai,Karnataka,Lawyer,PENDING,MEDIUM,2026-05-22 13:44:06.484340
CUST00498,Tanish Sunder,1973-05-09,Ratlam,Gujarat,Business,REJECTED,HIGH,2026-05-22 13:44:06.484371
CUST00499,Kashvi Mandal,2000-09-17,Tadipatri,Jharkhand,Engineer,PENDING,HIGH,2026-05-22 13:44:06.484395
CUST00500,Rachita Chaudhry,1995-02-28,Nellore,Uttarakhand,Business,PENDING,LOW,2026-05-22 13:44:06.484423
CUST00501,Yamini Cheema,1972-09-11,Bettiah,Arunachal Pradesh,Doctor,PENDING,HIGH,2026-05-22 13:44:06.484445
CUST00502,Ojas Arora,2002-02-06,Kharagpur,Tripura,Lawyer,PENDING,LOW,2026-05-22 13:44:06.484467
CUST00503,Urvashi Chada,2000-07-04,Vellore,Uttar Pradesh,Teacher,PENDING,LOW,2026-05-22 13:44:06.484501
CUST00504,Ekavir Datta,2004-10-03,Ambala,Telangana,Lawyer,PENDING,HIGH,2026-05-22 13:44:06.484532
CUST00505,David Patla,1976-07-13,Katihar,Meghalaya,Lawyer,VERIFIED,MEDIUM,2026-05-22 13:44:06.484559
CUST00506,Niharika Vig,2004-10-08,Kolkata,Madhya Pradesh,Teacher,PENDING,LOW,2026-05-22 13:44:06.484583
CUST00507,Aahana Sachdeva,1959-02-01,Jalgaon,Chhattisgarh,Teacher,PENDING,HIGH,2026-05-22 13:44:06.484606
CUST00508,Azad Nadkarni,2005-04-26,Nangloi Jat,Gujarat,Doctor,REJECTED,MEDIUM,2026-05-22 13:44:06.484633
CUST00509,Omkaar Karpe,1969-11-11,Shimoga,Nagaland,Business,VERIFIED,LOW,2026-05-22 13:44:06.484655
CUST00510,Mugdha Dugar,2000-06-15,Tirunelveli,Maharashtra,Government Employee,REJECTED,MEDIUM,2026-05-22 13:44:06.484676
CUST00511,Radha Pandit,2000-10-21,Nagaon,Manipur,Engineer,VERIFIED,MEDIUM,2026-05-22 13:44:06.484697
CUST00512,Yamini Kothari,1983-07-15,Secunderabad,Mizoram,Teacher,REJECTED,HIGH,2026-05-22 13:44:06.484720
CUST00513,Charvi Grewal,1971-12-29,Rajpur Sonarpur,Nagaland,Doctor,PENDING,LOW,2026-05-22 13:44:06.484742
CUST00514,Indali Jaggi,1982-07-13,Anand,Odisha,Doctor,PENDING,MEDIUM,2026-05-22 13:44:06.484765
CUST00515,Henry Sen,1981-12-17,Silchar,Arunachal Pradesh,Teacher,REJECTED,HIGH,2026-05-22 13:44:06.484792
CUST00516,Liam Tata,1953-03-08,Munger,Mizoram,Doctor,REJECTED,LOW,2026-05-22 13:44:06.484816
CUST00517,Rachana Patla,1953-03-08,Gudivada,Himachal Pradesh,Engineer,VERIFIED,LOW,2026-05-22 13:44:06.484838
CUST00518,Ryan Wadhwa,1962-12-09,Coimbatore,Andhra Pradesh,Doctor,REJECTED,HIGH,2026-05-22 13:44:06.484862
CUST00519,Caleb Kamdar,1974-09-25,Muzaffarpur,Mizoram,Government Employee,VERIFIED,MEDIUM,2026-05-22 13:44:06.484885
CUST00520,Jason Korpal,1969-02-23,Phagwara,Arunachal Pradesh,Teacher,PENDING,MEDIUM,2026-05-22 13:44:06.484909
CUST00521,Jonathan Sur,1995-01-20,Guwahati,Arunachal Pradesh,Lawyer,PENDING,MEDIUM,2026-05-22 13:44:06.484933
CUST00522,Bhavna Hans,1950-05-25,Pimpri-Chinchwad,West Bengal,Lawyer,PENDING,LOW,2026-05-22 13:44:06.484962
CUST00523,Falguni Gara,1957-06-10,Kirari Suleman Nagar,Karnataka,Business,PENDING,LOW,2026-05-22 13:44:06.484994
CUST00524,Finn Sarma,2001-09-02,Berhampore,Punjab,Business,PENDING,MEDIUM,2026-05-22 13:44:06.485026
CUST00525,Nandini Sen,1997-03-25,Aizawl,Madhya Pradesh,Business,REJECTED,MEDIUM,2026-05-22 13:44:06.485065
CUST00526,Chaman Dara,2005-12-19,Coimbatore,Kerala,Business,VERIFIED,HIGH,2026-05-22 13:44:06.485100
CUST00527,Hemangini Kari,2002-05-06,Karnal,Uttar Pradesh,Engineer,REJECTED,LOW,2026-05-22 13:44:06.485122
CUST00528,Wakeeta Gupta,1965-01-01,Khammam,Manipur,Doctor,PENDING,MEDIUM,2026-05-22 13:44:06.485144
CUST00529,Xalak Hans,1985-09-17,Muzaffarpur,Jharkhand,Business,REJECTED,MEDIUM,2026-05-22 13:44:06.485167
CUST00530,Isha Bala,2007-08-03,Alappuzha,Telangana,Teacher,PENDING,MEDIUM,2026-05-22 13:44:06.485190
CUST00531,Hardik Kara,1989-02-21,Ghaziabad,Rajasthan,Government Employee,VERIFIED,MEDIUM,2026-05-22 13:44:06.485213
CUST00532,Chakradhar Gola,1980-10-08,Saharanpur,Uttar Pradesh,Lawyer,PENDING,MEDIUM,2026-05-22 13:44:06.485235
CUST00533,Kalpit Parmer,1967-10-11,Machilipatnam,Andhra Pradesh,Lawyer,PENDING,MEDIUM,2026-05-22 13:44:06.485258
CUST00534,Nicholas Walla,1974-01-29,Vijayawada,West Bengal,Teacher,PENDING,MEDIUM,2026-05-22 13:44:06.485286
CUST00535,Laban Thakkar,1988-07-08,Nashik,Tripura,Government Employee,PENDING,HIGH,2026-05-22 13:44:06.485311
CUST00536,Turvi Saran,1972-11-12,Haldia,Tamil Nadu,Business,PENDING,MEDIUM,2026-05-22 13:44:06.485335
CUST00537,Mohammed Baria,1954-07-10,Bhubaneswar,Himachal Pradesh,Lawyer,REJECTED,HIGH,2026-05-22 13:44:06.485356
CUST00538,Yug Mittal,1965-03-04,Sonipat,Uttarakhand,Business,REJECTED,LOW,2026-05-22 13:44:06.485381
CUST00539,Saksham Pillai,1982-02-07,Morena,Telangana,Doctor,VERIFIED,LOW,2026-05-22 13:44:06.485402
CUST00540,Akshay Dutt,1987-11-10,Mango,Karnataka,Lawyer,REJECTED,HIGH,2026-05-22 13:44:06.485423
CUST00541,Idika Varghese,1983-05-12,Dehri,Tamil Nadu,Business,REJECTED,LOW,2026-05-22 13:44:06.485444
CUST00542,Chandran Reddy,1994-07-12,Hapur,Maharashtra,Government Employee,PENDING,LOW,2026-05-22 13:44:06.485464
CUST00543,Wakeeta Shanker,1976-03-12,Jalna,Nagaland,Government Employee,REJECTED,LOW,2026-05-22 13:44:06.485484
CUST00544,Yoshita Kumar,2004-11-13,Khammam,Odisha,Doctor,REJECTED,HIGH,2026-05-22 13:44:06.485505
CUST00545,Patrick Lall,1957-07-13,Guntur,Mizoram,Lawyer,VERIFIED,MEDIUM,2026-05-22 13:44:06.485525
CUST00546,Dalbir Sant,2007-09-08,Sri Ganganagar,Odisha,Doctor,PENDING,HIGH,2026-05-22 13:44:06.485546
CUST00547,Harinakshi Maharaj,1989-09-21,Karawal Nagar,West Bengal,Government Employee,REJECTED,LOW,2026-05-22 13:44:06.485568
CUST00548,Janaki Ratti,1977-01-18,Katihar,Sikkim,Engineer,REJECTED,HIGH,2026-05-22 13:44:06.485588
CUST00549,Sanya Guha,1959-05-24,Mau,Assam,Business,PENDING,LOW,2026-05-22 13:44:06.485608
CUST00550,Fiyaz Solanki,1999-08-02,Jaipur,Uttar Pradesh,Business,PENDING,LOW,2026-05-22 13:44:06.485628
CUST00551,Yashodhara Pai,2004-06-28,Nizamabad,Himachal Pradesh,Lawyer,VERIFIED,LOW,2026-05-22 13:44:06.485649
CUST00552,Gaurika Pandya,1977-03-07,Uluberia,Himachal Pradesh,Government Employee,VERIFIED,LOW,2026-05-22 13:44:06.485669
CUST00553,Joshua Kata,2002-05-04,Ajmer,Gujarat,Government Employee,PENDING,MEDIUM,2026-05-22 13:44:06.485689
CUST00554,Darsh Sarin,1990-03-07,Srinagar,Arunachal Pradesh,Business,PENDING,LOW,2026-05-22 13:44:06.485709
CUST00555,Nathaniel Prasad,1977-10-17,Dehradun,Kerala,Business,REJECTED,HIGH,2026-05-22 13:44:06.485729
CUST00556,Zaitra Kannan,1993-01-24,Bilaspur,Tamil Nadu,Business,VERIFIED,HIGH,2026-05-22 13:44:06.485749
CUST00557,Fariq Issac,1965-02-26,Suryapet,Uttarakhand,Business,VERIFIED,HIGH,2026-05-22 13:44:06.485771
CUST00558,Panini Sule,1962-08-22,Bokaro,Arunachal Pradesh,Doctor,PENDING,HIGH,2026-05-22 13:44:06.485804
CUST00559,Ikbal Lala,1973-11-24,Allahabad,Madhya Pradesh,Teacher,REJECTED,MEDIUM,2026-05-22 13:44:06.485826
CUST00560,Manthan Mall,1999-02-09,Bhubaneswar,Rajasthan,Lawyer,VERIFIED,MEDIUM,2026-05-22 13:44:06.485846
CUST00561,Xavier Sachdeva,1953-12-28,Rajkot,Madhya Pradesh,Engineer,PENDING,HIGH,2026-05-22 13:44:06.485872
CUST00562,Dhruv Sen,1959-12-07,Darbhanga,Punjab,Teacher,VERIFIED,LOW,2026-05-22 13:44:06.485896
CUST00563,Irya Khalsa,1980-12-22,Sambalpur,Madhya Pradesh,Business,PENDING,HIGH,2026-05-22 13:44:06.485918
CUST00564,Bhavya Bera,1959-08-17,Meerut,Uttar Pradesh,Engineer,PENDING,LOW,2026-05-22 13:44:06.485940
CUST00565,Jagat Pillai,1972-06-07,Shahjahanpur,Bihar,Teacher,PENDING,LOW,2026-05-22 13:44:06.485963
CUST00566,Diya Golla,1997-07-01,Ongole,Telangana,Government Employee,PENDING,LOW,2026-05-22 13:44:06.485985
CUST00567,Yatan Garg,1980-06-09,Parbhani,Madhya Pradesh,Engineer,REJECTED,LOW,2026-05-22 13:44:06.486012
CUST00568,Chakradev Loke,1989-12-15,Karawal Nagar,Punjab,Doctor,VERIFIED,LOW,2026-05-22 13:44:06.486035
CUST00569,Aashi Puri,1996-06-06,Nanded,Mizoram,Business,REJECTED,MEDIUM,2026-05-22 13:44:06.486059
CUST00570,Sudiksha Contractor,1978-03-25,Kalyan-Dombivli,Gujarat,Teacher,VERIFIED,HIGH,2026-05-22 13:44:06.486085
CUST00571,Megha Gour,1958-06-11,Jaunpur,Mizoram,Lawyer,VERIFIED,HIGH,2026-05-22 13:44:06.486107
CUST00572,Pranav Nair,1986-04-05,Allahabad,Uttarakhand,Engineer,PENDING,HIGH,2026-05-22 13:44:06.486129
CUST00573,Widisha Keer,1984-05-30,Pune,West Bengal,Doctor,REJECTED,LOW,2026-05-22 13:44:06.486151
CUST00574,Barkha Sethi,1964-07-12,Amroha,Jharkhand,Government Employee,REJECTED,LOW,2026-05-22 13:44:06.486174
CUST00575,Ekapad Kanda,1963-05-18,Guntakal,Punjab,Engineer,VERIFIED,HIGH,2026-05-22 13:44:06.486196
CUST00576,Darpan Datta,1951-10-07,Panvel,Bihar,Teacher,PENDING,HIGH,2026-05-22 13:44:06.486218
CUST00577,Krishna Raman,1960-02-17,Latur,Madhya Pradesh,Teacher,PENDING,LOW,2026-05-22 13:44:06.486245
CUST00578,Ojasvi Rege,1954-10-08,Morena,Gujarat,Lawyer,VERIFIED,HIGH,2026-05-22 13:44:06.486266
CUST00579,Ojas Narain,1956-08-25,Bhatpara,Manipur,Doctor,REJECTED,HIGH,2026-05-22 13:44:06.486288
CUST00580,Aashi Wagle,1957-01-30,Kolhapur,Goa,Business,REJECTED,HIGH,2026-05-22 13:44:06.486308
CUST00581,Panini Dani,2007-09-14,Rampur,Maharashtra,Government Employee,REJECTED,LOW,2026-05-22 13:44:06.486332
CUST00582,Hamsini Chana,1954-02-13,Indore,Haryana,Engineer,VERIFIED,HIGH,2026-05-22 13:44:06.486354
CUST00583,Abdul Dhar,1953-09-20,Medininagar,Arunachal Pradesh,Government Employee,VERIFIED,LOW,2026-05-22 13:44:06.486376
CUST00584,Chandani Malhotra,1968-03-19,Avadi,Telangana,Teacher,VERIFIED,HIGH,2026-05-22 13:44:06.486399
CUST00585,Hemangini Shanker,2006-03-17,Madurai,Punjab,Lawyer,REJECTED,LOW,2026-05-22 13:44:06.486422
CUST00586,Saanvi Tara,1964-02-07,Aligarh,Uttarakhand,Business,REJECTED,LOW,2026-05-22 13:44:06.486448
CUST00587,Dhruv Kalita,1959-01-15,Pimpri-Chinchwad,Goa,Lawyer,REJECTED,LOW,2026-05-22 13:44:06.486472
CUST00588,Fariq Roy,1979-01-28,Thoothukudi,Rajasthan,Government Employee,REJECTED,HIGH,2026-05-22 13:44:06.486496
CUST00589,Gaurangi Khanna,1997-02-16,Thanjavur,Himachal Pradesh,Teacher,PENDING,HIGH,2026-05-22 13:44:06.486519
CUST00590,Guneet Sandal,1992-05-06,Mysore,Himachal Pradesh,Business,PENDING,MEDIUM,2026-05-22 13:44:06.486540
CUST00591,Advaith Andra,1959-07-16,Indore,Bihar,Teacher,PENDING,MEDIUM,2026-05-22 13:44:06.486562
CUST00592,Chandani Palla,2008-01-24,Ratlam,Kerala,Lawyer,PENDING,MEDIUM,2026-05-22 13:44:06.486587
CUST00593,Bahadurjit Thaker,1989-04-05,Korba,Andhra Pradesh,Doctor,REJECTED,HIGH,2026-05-22 13:44:06.486610
CUST00594,Tanmayi Lad,1950-09-30,Dhanbad,Gujarat,Lawyer,REJECTED,MEDIUM,2026-05-22 13:44:06.486640
CUST00595,Chaman Mody,1994-07-11,Noida,Uttar Pradesh,Government Employee,REJECTED,HIGH,2026-05-22 13:44:06.486664
CUST00596,Vedika Oza,1981-02-15,Pudukkottai,Nagaland,Lawyer,REJECTED,LOW,2026-05-22 13:44:06.486687
CUST00597,Isha Baral,1960-02-07,Kadapa,Assam,Doctor,PENDING,LOW,2026-05-22 13:44:06.486710
CUST00598,Ira Goel,1970-12-16,Rohtak,Meghalaya,Government Employee,PENDING,MEDIUM,2026-05-22 13:44:06.486731
CUST00599,Shravya Kata,1983-10-05,Chennai,Uttar Pradesh,Business,PENDING,MEDIUM,2026-05-22 13:44:06.486754
CUST00600,Baljiwan Dube,1980-05-31,Raiganj,Madhya Pradesh,Engineer,VERIFIED,MEDIUM,2026-05-22 13:44:06.486792
CUST00601,Varsha Grewal,1987-08-14,Tumkur,Chhattisgarh,Lawyer,VERIFIED,MEDIUM,2026-05-22 13:44:06.486823
CUST00602,Yashodhara Khalsa,1985-08-14,Sultan Pur Majra,Sikkim,Doctor,PENDING,LOW,2026-05-22 13:44:06.486850
CUST00603,Udant Varma,1996-05-23,Berhampore,Gujarat,Doctor,VERIFIED,LOW,2026-05-22 13:44:06.486876
CUST00604,Alka Sule,1988-02-21,Karimnagar,Kerala,Doctor,VERIFIED,LOW,2026-05-22 13:44:06.486906
CUST00605,Lopa Mannan,1955-06-21,Phagwara,Goa,Engineer,PENDING,HIGH,2026-05-22 13:44:06.486933
CUST00606,Wahab Kata,1988-07-11,Rajpur Sonarpur,Gujarat,Engineer,VERIFIED,MEDIUM,2026-05-22 13:44:06.486962
CUST00607,Farhan Manne,1963-11-06,Vasai-Virar,Uttar Pradesh,Business,VERIFIED,MEDIUM,2026-05-22 13:44:06.486987
CUST00608,Naveen Barman,1961-01-15,Mathura,Andhra Pradesh,Business,VERIFIED,HIGH,2026-05-22 13:44:06.487009
CUST00609,Ira Shetty,1976-05-06,Rourkela,Haryana,Engineer,REJECTED,MEDIUM,2026-05-22 13:44:06.487033
CUST00610,Damini Grover,1975-11-08,Tenali,Karnataka,Teacher,PENDING,MEDIUM,2026-05-22 13:44:06.487059
CUST00611,Triveni Gandhi,1978-11-30,Chandigarh,Bihar,Business,REJECTED,HIGH,2026-05-22 13:44:06.487082
CUST00612,Advik Date,1997-09-15,Bhopal,Himachal Pradesh,Government Employee,REJECTED,LOW,2026-05-22 13:44:06.487107
CUST00613,Wyatt Mangat,1985-05-26,Firozabad,Andhra Pradesh,Engineer,PENDING,HIGH,2026-05-22 13:44:06.487134
CUST00614,Udarsh Dar,1996-05-20,Sonipat,Mizoram,Government Employee,PENDING,HIGH,2026-05-22 13:44:06.487159
CUST00615,Wridesh Shere,1985-09-24,Saharsa,Madhya Pradesh,Doctor,VERIFIED,MEDIUM,2026-05-22 13:44:06.487182
CUST00616,Fiyaz Issac,1955-10-29,Madurai,Himachal Pradesh,Government Employee,VERIFIED,MEDIUM,2026-05-22 13:44:06.487218
CUST00617,Charan Gandhi,1981-02-02,Patiala,Jharkhand,Business,VERIFIED,HIGH,2026-05-22 13:44:06.487244
CUST00618,Ronith Setty,1975-02-27,Kumbakonam,Karnataka,Government Employee,VERIFIED,HIGH,2026-05-22 13:44:06.487267
CUST00619,Chatresh Pandya,1974-11-21,Allahabad,Tripura,Government Employee,PENDING,LOW,2026-05-22 13:44:06.487296
CUST00620,Luke Salvi,1966-11-30,Shahjahanpur,Haryana,Teacher,PENDING,LOW,2026-05-22 13:44:06.487320
CUST00621,Adweta Kale,1951-04-30,Alappuzha,Manipur,Government Employee,PENDING,HIGH,2026-05-22 13:44:06.487347
CUST00622,Urvi Swamy,1994-07-23,Vellore,Tripura,Government Employee,VERIFIED,HIGH,2026-05-22 13:44:06.487370
CUST00623,Rayaan Sanghvi,2000-05-12,Maheshtala,Himachal Pradesh,Business,REJECTED,LOW,2026-05-22 13:44:06.487392
CUST00624,Qabil Mishra,1993-12-04,Nizamabad,Karnataka,Government Employee,REJECTED,MEDIUM,2026-05-22 13:44:06.487413
CUST00625,Janani Mishra,1965-02-23,Alappuzha,Haryana,Government Employee,VERIFIED,LOW,2026-05-22 13:44:06.487443
CUST00626,Chasmum More,2003-05-25,Ahmedabad,Telangana,Engineer,REJECTED,MEDIUM,2026-05-22 13:44:06.487467
CUST00627,Jackson Madan,1966-07-28,Unnao,Uttar Pradesh,Teacher,VERIFIED,MEDIUM,2026-05-22 13:44:06.487496
CUST00628,Luke Saraf,1972-05-01,Chapra,Uttar Pradesh,Doctor,PENDING,HIGH,2026-05-22 13:44:06.487519
CUST00629,Ekaraj Hayer,1961-08-21,Karawal Nagar,Goa,Engineer,VERIFIED,LOW,2026-05-22 13:44:06.487543
CUST00630,Xiti Borah,2004-10-06,Bhopal,Mizoram,Lawyer,REJECTED,LOW,2026-05-22 13:44:06.487566
CUST00631,Chaitaly Sami,1984-03-20,Silchar,Chhattisgarh,Business,REJECTED,HIGH,2026-05-22 13:44:06.487596
CUST00632,Om Sankar,1976-10-29,Nangloi Jat,Meghalaya,Teacher,VERIFIED,MEDIUM,2026-05-22 13:44:06.487620
CUST00633,Zilmil Natt,1970-09-30,Hyderabad,Tripura,Doctor,PENDING,HIGH,2026-05-22 13:44:06.487642
CUST00634,Forum Prakash,1976-03-20,Raipur,Odisha,Engineer,PENDING,HIGH,2026-05-22 13:44:06.487664
CUST00635,Dalbir Barad,1960-12-01,Chandigarh,Assam,Lawyer,REJECTED,HIGH,2026-05-22 13:44:06.487687
CUST00636,Qabil Naik,1967-10-15,Pune,Manipur,Lawyer,REJECTED,HIGH,2026-05-22 13:44:06.487715
CUST00637,Yadavi Pingle,1972-05-10,Tadipatri,Gujarat,Business,REJECTED,HIGH,2026-05-22 13:44:06.487739
CUST00638,Yachana Bala,2001-11-22,Nagercoil,Gujarat,Doctor,PENDING,LOW,2026-05-22 13:44:06.487762
CUST00639,Ijaya Yohannan,1992-01-29,Rajkot,Madhya Pradesh,Engineer,VERIFIED,MEDIUM,2026-05-22 13:44:06.487795
CUST00640,Saanvi Chander,1989-07-17,Udaipur,Chhattisgarh,Business,PENDING,MEDIUM,2026-05-22 13:44:06.487822
CUST00641,Anthony Prakash,1975-11-20,Gorakhpur,Andhra Pradesh,Engineer,PENDING,MEDIUM,2026-05-22 13:44:06.487845
CUST00642,Radha Chawla,1975-12-31,Agra,Tripura,Government Employee,VERIFIED,LOW,2026-05-22 13:44:06.487867
CUST00643,Brinda Ratti,1978-03-17,Hazaribagh,Nagaland,Government Employee,VERIFIED,HIGH,2026-05-22 13:44:06.487890
CUST00644,Madhav Dar,2002-12-21,Silchar,Telangana,Doctor,REJECTED,LOW,2026-05-22 13:44:06.487912
CUST00645,Barkha Dayal,1993-05-27,Gurgaon,Andhra Pradesh,Doctor,REJECTED,LOW,2026-05-22 13:44:06.487935
CUST00646,Mekhala Mani,1993-12-23,Asansol,Haryana,Lawyer,PENDING,HIGH,2026-05-22 13:44:06.487957
CUST00647,Vivaan Cheema,1996-05-13,Guntakal,Karnataka,Doctor,REJECTED,LOW,2026-05-22 13:44:06.487980
CUST00648,Manan Agate,2004-12-02,Medininagar,Gujarat,Teacher,REJECTED,MEDIUM,2026-05-22 13:44:06.488004
CUST00649,Ishwar Keer,1972-06-20,Jalandhar,Uttar Pradesh,Government Employee,VERIFIED,HIGH,2026-05-22 13:44:06.488027
CUST00650,Anmol Palan,1976-06-30,Gorakhpur,Gujarat,Doctor,PENDING,MEDIUM,2026-05-22 13:44:06.488050
CUST00651,Avni Chadha,2001-02-11,Hubli–Dharwad,Mizoram,Government Employee,PENDING,HIGH,2026-05-22 13:44:06.488077
CUST00652,Manya Tripathi,1983-03-24,Lucknow,Goa,Government Employee,PENDING,LOW,2026-05-22 13:44:06.488094
CUST00653,Anita Rajagopalan,1965-12-17,Karaikudi,Andhra Pradesh,Engineer,VERIFIED,HIGH,2026-05-22 13:44:06.488111
CUST00654,Chandani Chakrabarti,1976-06-22,Gangtok,Arunachal Pradesh,Doctor,PENDING,HIGH,2026-05-22 13:44:06.488127
CUST00655,Vinaya Mutti,1978-05-30,Pimpri-Chinchwad,Haryana,Lawyer,REJECTED,MEDIUM,2026-05-22 13:44:06.488145
CUST00656,Ati Samra,1979-12-30,Srikakulam,Punjab,Engineer,VERIFIED,LOW,2026-05-22 13:44:06.488162
CUST00657,Adweta Bali,1967-07-02,Mathura,Karnataka,Government Employee,REJECTED,MEDIUM,2026-05-22 13:44:06.488183
CUST00658,Lopa Dey,1951-06-16,Jalna,Karnataka,Government Employee,PENDING,HIGH,2026-05-22 13:44:06.488200
CUST00659,Zinal Bhatnagar,1966-08-06,Anantapuram,Uttar Pradesh,Doctor,REJECTED,LOW,2026-05-22 13:44:06.488218
CUST00660,Shivansh Lata,1967-02-20,Muzaffarpur,Bihar,Teacher,PENDING,MEDIUM,2026-05-22 13:44:06.488236
CUST00661,Riya Dhillon,1998-11-22,Amaravati,Andhra Pradesh,Business,VERIFIED,LOW,2026-05-22 13:44:06.488253
CUST00662,Ishani Radhakrishnan,1979-01-29,Jehanabad,Kerala,Teacher,PENDING,LOW,2026-05-22 13:44:06.488270
CUST00663,Lakshmi Choudhry,1984-09-16,Baranagar,Chhattisgarh,Business,PENDING,MEDIUM,2026-05-22 13:44:06.488286
CUST00664,Widisha Mukherjee,1985-04-10,Sirsa,Nagaland,Business,PENDING,LOW,2026-05-22 13:44:06.488303
CUST00665,Chanakya Bala,1980-02-23,Alwar,Goa,Government Employee,VERIFIED,MEDIUM,2026-05-22 13:44:06.488322
CUST00666,Jacob Mahal,1992-10-02,Patiala,Maharashtra,Business,PENDING,HIGH,2026-05-22 13:44:06.488339
CUST00667,Chakradhar Dasgupta,2006-03-24,Gandhinagar,Karnataka,Doctor,REJECTED,MEDIUM,2026-05-22 13:44:06.488357
CUST00668,Ethan Edwin,1981-01-22,Meerut,Bihar,Government Employee,PENDING,HIGH,2026-05-22 13:44:06.488374
CUST00669,Eiravati Venkatesh,1985-02-24,Faridabad,Nagaland,Teacher,VERIFIED,LOW,2026-05-22 13:44:06.488391
CUST00670,Tanvi Tailor,1967-06-23,Ujjain,Maharashtra,Teacher,REJECTED,HIGH,2026-05-22 13:44:06.488409
CUST00671,Chanakya Lanka,1959-04-25,Jammu,Meghalaya,Engineer,VERIFIED,HIGH,2026-05-22 13:44:06.488426
CUST00672,Mugdha Kapadia,1982-12-21,Thiruvananthapuram,Kerala,Doctor,VERIFIED,LOW,2026-05-22 13:44:06.488490
CUST00673,Wriddhish Chad,1957-12-22,Lucknow,Sikkim,Doctor,VERIFIED,LOW,2026-05-22 13:44:06.488534
CUST00674,Nikita Choudhry,1961-03-23,Dewas,Jharkhand,Lawyer,REJECTED,MEDIUM,2026-05-22 13:44:06.488559
CUST00675,Maanav Dar,1984-12-15,Vijayawada,Sikkim,Lawyer,VERIFIED,HIGH,2026-05-22 13:44:06.488616
CUST00676,Aarnav Zacharia,1964-06-03,Bihar Sharif,Kerala,Lawyer,VERIFIED,LOW,2026-05-22 13:44:06.488637
CUST00677,Sathvik Chokshi,1989-07-26,Sangli-Miraj & Kupwad,Goa,Government Employee,REJECTED,LOW,2026-05-22 13:44:06.488658
CUST00678,Ekanta Sengupta,1991-02-12,Alappuzha,Uttar Pradesh,Government Employee,VERIFIED,HIGH,2026-05-22 13:44:06.488676
CUST00679,Reva Keer,1969-07-16,Ichalkaranji,Nagaland,Government Employee,PENDING,LOW,2026-05-22 13:44:06.488698
CUST00680,Charles Handa,1971-05-18,Kishanganj,Tripura,Business,PENDING,MEDIUM,2026-05-22 13:44:06.488716
CUST00681,Niharika Chokshi,1967-08-07,Ranchi,Manipur,Teacher,PENDING,LOW,2026-05-22 13:44:06.488734
CUST00682,Matthew Upadhyay,1974-12-30,Secunderabad,Nagaland,Doctor,REJECTED,LOW,2026-05-22 13:44:06.488752
CUST00683,Adweta Naik,2002-10-29,Mehsana,Nagaland,Lawyer,REJECTED,HIGH,2026-05-22 13:44:06.488772
CUST00684,Imaran Bahl,1962-05-15,Thoothukudi,Haryana,Doctor,PENDING,HIGH,2026-05-22 13:44:06.488791
CUST00685,Upasna Dasgupta,2005-03-09,Srinagar,Arunachal Pradesh,Business,PENDING,MEDIUM,2026-05-22 13:44:06.488816
CUST00686,Noah Baral,1980-10-25,Bhimavaram,Haryana,Doctor,REJECTED,LOW,2026-05-22 13:44:06.488839
CUST00687,Tanay Ram,1991-07-22,Bhalswa Jahangir Pur,Uttarakhand,Government Employee,PENDING,MEDIUM,2026-05-22 13:44:06.488863
CUST00688,Harinakshi Bhakta,1974-09-12,Sasaram,Karnataka,Business,REJECTED,MEDIUM,2026-05-22 13:44:06.488886
CUST00689,Dakshesh Gara,2000-01-31,Yamunanagar,Telangana,Government Employee,VERIFIED,LOW,2026-05-22 13:44:06.488910
CUST00690,Saumya Chand,1993-07-07,Amaravati,Andhra Pradesh,Government Employee,PENDING,MEDIUM,2026-05-22 13:44:06.488934
CUST00691,Chatura More,1979-07-02,Saharanpur,Chhattisgarh,Government Employee,VERIFIED,LOW,2026-05-22 13:44:06.488957
CUST00692,Faqid Bhardwaj,1967-11-22,Sirsa,Kerala,Doctor,REJECTED,MEDIUM,2026-05-22 13:44:06.488983
CUST00693,Dayamai Tata,1965-03-16,Amroha,Andhra Pradesh,Engineer,VERIFIED,LOW,2026-05-22 13:44:06.489007
CUST00694,Lajita Nagarajan,1988-05-04,Mira-Bhayandar,Andhra Pradesh,Doctor,PENDING,HIGH,2026-05-22 13:44:06.489037
CUST00695,Champak Bath,1960-03-24,Srinagar,Nagaland,Business,REJECTED,HIGH,2026-05-22 13:44:06.489063
CUST00696,Jagdish Khanna,1976-01-20,Pali,Madhya Pradesh,Doctor,REJECTED,LOW,2026-05-22 13:44:06.489087
CUST00697,Ekta Bandi,1998-07-03,Anand,Mizoram,Lawyer,REJECTED,HIGH,2026-05-22 13:44:06.489110
CUST00698,Chaitanya Keer,1970-12-15,Tadipatri,Nagaland,Teacher,PENDING,HIGH,2026-05-22 13:44:06.489135
CUST00699,Charita Dalal,1963-11-19,Vadodara,Karnataka,Business,PENDING,HIGH,2026-05-22 13:44:06.489162
CUST00700,Frado Mandal,1998-05-20,Amaravati,Telangana,Teacher,VERIFIED,HIGH,2026-05-22 13:44:06.489186
CUST00701,Zaitra Pandit,1956-06-04,Gorakhpur,Tripura,Business,VERIFIED,LOW,2026-05-22 13:44:06.489212
CUST00702,Bhavya Subramanian,1959-07-18,Ramgarh,Karnataka,Business,VERIFIED,MEDIUM,2026-05-22 13:44:06.489236
CUST00703,Mason Khurana,1961-06-10,Gopalpur,Himachal Pradesh,Government Employee,REJECTED,HIGH,2026-05-22 13:44:06.489264
CUST00704,Guneet Bhagat,1977-07-25,Hubli–Dharwad,Rajasthan,Doctor,PENDING,HIGH,2026-05-22 13:44:06.489288
CUST00705,Ayushman Kuruvilla,1968-06-20,Chennai,Odisha,Teacher,VERIFIED,MEDIUM,2026-05-22 13:44:06.489313
CUST00706,Avni Soman,1963-07-14,Giridih,Kerala,Lawyer,PENDING,HIGH,2026-05-22 13:44:06.489337
CUST00707,Kashvi Sibal,1992-11-09,Kakinada,Bihar,Teacher,VERIFIED,HIGH,2026-05-22 13:44:06.489366
CUST00708,Aarini Anand,1989-04-30,Panvel,Odisha,Business,PENDING,MEDIUM,2026-05-22 13:44:06.489427
CUST00709,Reyansh Chacko,1970-10-14,Anantapur,Haryana,Teacher,PENDING,MEDIUM,2026-05-22 13:44:06.489452
CUST00710,Chandani Barad,1952-04-29,Singrauli,Meghalaya,Business,VERIFIED,HIGH,2026-05-22 13:44:06.489476
CUST00711,Upasna Vig,1982-02-17,Mirzapur,Bihar,Doctor,REJECTED,MEDIUM,2026-05-22 13:44:06.489500
CUST00712,Laksh Thakkar,1964-06-22,Hazaribagh,Meghalaya,Engineer,REJECTED,LOW,2026-05-22 13:44:06.489528
CUST00713,Laksh Parmer,1991-02-07,Hajipur,Bihar,Engineer,PENDING,MEDIUM,2026-05-22 13:44:06.489551
CUST00714,Aahana Hayre,1954-09-09,Moradabad,Meghalaya,Teacher,PENDING,MEDIUM,2026-05-22 13:44:06.489574
CUST00715,Vrinda Dua,1993-11-20,Karaikudi,Arunachal Pradesh,Doctor,VERIFIED,HIGH,2026-05-22 13:44:06.489598
CUST00716,Nikita Pal,1993-10-10,Chandrapur,West Bengal,Business,VERIFIED,HIGH,2026-05-22 13:44:06.489621
CUST00717,Vinaya Patla,1990-08-25,Miryalaguda,Nagaland,Lawyer,PENDING,LOW,2026-05-22 13:44:06.489712
CUST00718,Thomas Chahal,1957-12-21,Guna,Himachal Pradesh,Teacher,PENDING,MEDIUM,2026-05-22 13:44:06.489749
CUST00719,Yashvi Gara,2000-11-14,Amroha,Meghalaya,Doctor,REJECTED,MEDIUM,2026-05-22 13:44:06.489774
CUST00720,Hiral Rastogi,1964-03-14,Proddatur,Uttar Pradesh,Lawyer,VERIFIED,LOW,2026-05-22 13:44:06.489799
CUST00721,Bhavya Ahluwalia,1980-09-06,Guntur,Jharkhand,Doctor,VERIFIED,LOW,2026-05-22 13:44:06.489824
CUST00722,Samar Sule,1968-09-19,Shivpuri,Gujarat,Teacher,PENDING,LOW,2026-05-22 13:44:06.489847
CUST00723,Ijaya Murthy,1998-01-11,New Delhi,Telangana,Lawyer,VERIFIED,LOW,2026-05-22 13:44:06.489871
CUST00724,Indali Palan,1976-11-07,Karimnagar,Tamil Nadu,Business,REJECTED,LOW,2026-05-22 13:44:06.489888
CUST00725,Aadhya Dayal,1963-05-02,Dewas,Nagaland,Government Employee,PENDING,MEDIUM,2026-05-22 13:44:06.489905
CUST00726,Ekiya Trivedi,1953-05-10,Madanapalle,Gujarat,Lawyer,VERIFIED,HIGH,2026-05-22 13:44:06.489925
CUST00727,Urvi Thaman,1961-04-15,Jamnagar,Tamil Nadu,Business,REJECTED,LOW,2026-05-22 13:44:06.489942
CUST00728,Sathvik Varty,2002-08-26,Ramagundam,Rajasthan,Government Employee,REJECTED,HIGH,2026-05-22 13:44:06.489958
CUST00729,Rushil Pathak,1955-05-13,Panvel,Haryana,Engineer,VERIFIED,MEDIUM,2026-05-22 13:44:06.489976
CUST00730,Jonathan Bir,2005-11-28,Bahraich,Rajasthan,Engineer,PENDING,HIGH,2026-05-22 13:44:06.489994
CUST00731,Naveen Gola,1971-08-17,Kalyan-Dombivli,Goa,Government Employee,PENDING,LOW,2026-05-22 13:44:06.490012
CUST00732,Nicholas Prakash,1977-06-20,Bhagalpur,Assam,Lawyer,VERIFIED,LOW,2026-05-22 13:44:06.490029
CUST00733,Hemani Sagar,1990-07-31,Junagadh,Andhra Pradesh,Engineer,VERIFIED,MEDIUM,2026-05-22 13:44:06.490069
CUST00734,Chandani Dara,1985-08-06,Vellore,Tripura,Government Employee,REJECTED,LOW,2026-05-22 13:44:06.490091
CUST00735,Indali Sami,1974-04-02,Kozhikode,Haryana,Engineer,PENDING,HIGH,2026-05-22 13:44:06.490109
CUST00736,Vaishnavi Talwar,1985-03-07,Vasai-Virar,Gujarat,Lawyer,REJECTED,MEDIUM,2026-05-22 13:44:06.490128
CUST00737,Vincent Kumer,1987-05-09,Varanasi,Uttar Pradesh,Engineer,VERIFIED,HIGH,2026-05-22 13:44:06.490146
CUST00738,Ekta Luthra,1950-06-01,Karnal,Arunachal Pradesh,Business,VERIFIED,MEDIUM,2026-05-22 13:44:06.490165
CUST00739,Tristan Shenoy,2005-08-27,Raurkela Industrial Township,Nagaland,Doctor,PENDING,HIGH,2026-05-22 13:44:06.490184
CUST00740,Quincy Gaba,1982-01-24,Alwar,Karnataka,Business,PENDING,MEDIUM,2026-05-22 13:44:06.490202
CUST00741,Yashica Bedi,1965-08-19,Uluberia,Sikkim,Lawyer,VERIFIED,MEDIUM,2026-05-22 13:44:06.490219
CUST00742,Rajeshri Radhakrishnan,1963-09-28,Kumbakonam,Odisha,Teacher,REJECTED,MEDIUM,2026-05-22 13:44:06.490237
CUST00743,Abhiram Kala,1975-04-02,Saharsa,Arunachal Pradesh,Engineer,PENDING,HIGH,2026-05-22 13:44:06.490255
CUST00744,Varsha Cherian,1990-04-10,Dhanbad,Uttarakhand,Business,VERIFIED,MEDIUM,2026-05-22 13:44:06.490272
CUST00745,Daniel Babu,1954-11-21,Jaunpur,Goa,Lawyer,VERIFIED,HIGH,2026-05-22 13:44:06.490288
CUST00746,Vritti Ramanathan,1999-03-08,Nandyal,Himachal Pradesh,Teacher,VERIFIED,LOW,2026-05-22 13:44:06.490305
CUST00747,Parth Gaba,1962-05-12,Dhanbad,Chhattisgarh,Doctor,REJECTED,MEDIUM,2026-05-22 13:44:06.490322
CUST00748,Neelima Seth,1994-11-02,Silchar,Jharkhand,Business,VERIFIED,MEDIUM,2026-05-22 13:44:06.490339
CUST00749,Hamsini Mitter,1987-11-21,Surat,Gujarat,Business,PENDING,HIGH,2026-05-22 13:44:06.490356
CUST00750,Aishani Reddy,1994-07-03,Shahjahanpur,Punjab,Lawyer,PENDING,MEDIUM,2026-05-22 13:44:06.490373
CUST00751,Rajata Mannan,1991-07-21,Begusarai,Telangana,Engineer,REJECTED,LOW,2026-05-22 13:44:06.490401
CUST00752,Tarak Tailor,1961-11-27,Bhiwandi,Jharkhand,Teacher,PENDING,LOW,2026-05-22 13:44:06.490455
CUST00753,Wazir Bajwa,1997-05-11,Tenali,Goa,Lawyer,REJECTED,MEDIUM,2026-05-22 13:44:06.490480
CUST00754,Frado Pandey,1969-05-15,Shahjahanpur,Meghalaya,Teacher,VERIFIED,LOW,2026-05-22 13:44:06.490499
CUST00755,Anvi Shenoy,1956-12-10,Surat,Tripura,Engineer,VERIFIED,MEDIUM,2026-05-22 13:44:06.490517
CUST00756,Vedhika Oommen,2003-10-01,Tenali,Telangana,Teacher,PENDING,LOW,2026-05-22 13:44:06.490534
CUST00757,Shaurya Rout,1950-08-24,Bhusawal,Jharkhand,Business,VERIFIED,MEDIUM,2026-05-22 13:44:06.490552
CUST00758,Tara Saraf,1997-12-02,Hubli–Dharwad,Punjab,Teacher,PENDING,HIGH,2026-05-22 13:44:06.490570
CUST00759,Matthew Dora,1991-06-01,Davanagere,Sikkim,Engineer,VERIFIED,HIGH,2026-05-22 13:44:06.490589
CUST00760,Wriddhish Samra,1978-02-27,Amroha,Punjab,Engineer,VERIFIED,LOW,2026-05-22 13:44:06.490607
CUST00761,Radhika Khurana,1979-09-24,Kochi,Maharashtra,Lawyer,PENDING,HIGH,2026-05-22 13:44:06.490624
CUST00762,Simon Sengupta,2001-05-30,Bathinda,Haryana,Doctor,REJECTED,MEDIUM,2026-05-22 13:44:06.490643
CUST00763,Urishilla Nadkarni,1968-03-01,Sasaram,Chhattisgarh,Teacher,REJECTED,LOW,2026-05-22 13:44:06.490660
CUST00764,Ekaja Jani,1980-05-29,Bidar,Rajasthan,Government Employee,VERIFIED,LOW,2026-05-22 13:44:06.490677
CUST00765,Jackson Cherian,1987-11-15,Nangloi Jat,Bihar,Lawyer,PENDING,LOW,2026-05-22 13:44:06.490694
CUST00766,Warda Dixit,1968-03-27,Shahjahanpur,Haryana,Business,REJECTED,MEDIUM,2026-05-22 13:44:06.490712
CUST00767,Chanchal Khare,1974-04-23,Nangloi Jat,Sikkim,Doctor,REJECTED,HIGH,2026-05-22 13:44:06.490740
CUST00768,Xiti Ben,1973-01-24,Buxar,Jharkhand,Engineer,PENDING,LOW,2026-05-22 13:44:06.490760
CUST00769,Dakshesh De,1971-04-06,Rohtak,Tamil Nadu,Government Employee,PENDING,HIGH,2026-05-22 13:44:06.490779
CUST00770,Faqid Andra,1951-10-10,Lucknow,Bihar,Business,VERIFIED,LOW,2026-05-22 13:44:06.490828
CUST00771,Hardik Menon,2000-12-29,Malegaon,Tamil Nadu,Teacher,VERIFIED,LOW,2026-05-22 13:44:06.490848
CUST00772,Odika Wable,1989-06-28,Udupi,Arunachal Pradesh,Lawyer,REJECTED,MEDIUM,2026-05-22 13:44:06.490865
CUST00773,Yuvraj Dugar,1987-07-26,Ghaziabad,Uttar Pradesh,Doctor,PENDING,HIGH,2026-05-22 13:44:06.490882
CUST00774,Tarak Kibe,1986-07-10,Kolkata,Chhattisgarh,Government Employee,REJECTED,HIGH,2026-05-22 13:44:06.490900
CUST00775,Bahadurjit Gola,1992-08-10,Saharsa,Rajasthan,Government Employee,PENDING,HIGH,2026-05-22 13:44:06.490918
CUST00776,Dominic Ganguly,1985-06-02,Begusarai,Haryana,Government Employee,REJECTED,MEDIUM,2026-05-22 13:44:06.490935
CUST00777,Kritika Sengupta,1974-01-31,Ambarnath,Himachal Pradesh,Lawyer,PENDING,LOW,2026-05-22 13:44:06.490953
CUST00778,Priya Narasimhan,1982-01-23,Durgapur,Himachal Pradesh,Lawyer,VERIFIED,LOW,2026-05-22 13:44:06.490972
CUST00779,George Sheth,1963-06-27,Dhanbad,Karnataka,Lawyer,PENDING,LOW,2026-05-22 13:44:06.490988
CUST00780,Jagdish Korpal,1969-09-26,Junagadh,Uttarakhand,Engineer,PENDING,HIGH,2026-05-22 13:44:06.491005
CUST00781,Ekalinga Basu,2006-10-26,Fatehpur,Sikkim,Lawyer,VERIFIED,HIGH,2026-05-22 13:44:06.491025
CUST00782,Kamala Sawhney,2008-03-18,Ratlam,Haryana,Engineer,VERIFIED,LOW,2026-05-22 13:44:06.491043
CUST00783,Janaki Brar,2004-07-08,Amravati,Uttar Pradesh,Government Employee,REJECTED,HIGH,2026-05-22 13:44:06.491059
CUST00784,Charles Sinha,1972-09-18,Hyderabad,Punjab,Teacher,PENDING,LOW,2026-05-22 13:44:06.491078
CUST00785,Meera Ganguly,1973-03-31,Bettiah,West Bengal,Government Employee,PENDING,LOW,2026-05-22 13:44:06.491093
CUST00786,Sathvik Bhalla,1969-06-08,Danapur,Jharkhand,Lawyer,REJECTED,MEDIUM,2026-05-22 13:44:06.491109
CUST00787,Kashish Datta,1983-12-02,Guwahati,Assam,Engineer,PENDING,LOW,2026-05-22 13:44:06.491125
CUST00788,Rayaan Bassi,1996-03-05,Ujjain,Odisha,Lawyer,PENDING,LOW,2026-05-22 13:44:06.491141
CUST00789,Yasti Garde,1996-08-13,Kishanganj,Goa,Business,REJECTED,HIGH,2026-05-22 13:44:06.491157
CUST00790,Champak Vora,1973-10-23,Kochi,Jharkhand,Government Employee,PENDING,HIGH,2026-05-22 13:44:06.491174
CUST00791,Harrison Chawla,1966-09-17,Pimpri-Chinchwad,Meghalaya,Teacher,REJECTED,HIGH,2026-05-22 13:44:06.491190
CUST00792,Harinakshi Setty,1968-02-17,Mirzapur,Rajasthan,Government Employee,PENDING,LOW,2026-05-22 13:44:06.491210
CUST00793,Zaitra Basu,1987-11-20,Aurangabad,Himachal Pradesh,Teacher,REJECTED,MEDIUM,2026-05-22 13:44:06.491226
CUST00794,Bina Badal,1967-04-14,Rohtak,Kerala,Lawyer,VERIFIED,HIGH,2026-05-22 13:44:06.491242
CUST00795,Ojas Pillai,1974-01-09,Kulti,Sikkim,Doctor,REJECTED,MEDIUM,2026-05-22 13:44:06.491259
CUST00796,Hritik Kalla,1983-02-16,Tadipatri,Tripura,Business,VERIFIED,HIGH,2026-05-22 13:44:06.491277
CUST00797,Vasatika Bahri,1968-12-24,Dehri,Sikkim,Doctor,REJECTED,MEDIUM,2026-05-22 13:44:06.491293
CUST00798,Kritika Trivedi,1985-12-16,Vijayanagaram,Sikkim,Government Employee,REJECTED,LOW,2026-05-22 13:44:06.491309
CUST00799,Ira Iyengar,1954-12-28,Karnal,Kerala,Business,PENDING,MEDIUM,2026-05-22 13:44:06.491326
CUST00800,Frederick Dave,1989-06-25,Deoghar,Rajasthan,Government Employee,REJECTED,LOW,2026-05-22 13:44:06.491342
CUST00801,Ganga Devi,2002-11-11,Sambalpur,Madhya Pradesh,Teacher,VERIFIED,HIGH,2026-05-22 13:44:06.491358
CUST00802,Yochana Bhatnagar,1964-09-05,Tadepalligudem,Tripura,Lawyer,REJECTED,MEDIUM,2026-05-22 13:44:06.491375
CUST00803,Wyatt Bhatt,1983-12-22,Bathinda,West Bengal,Government Employee,PENDING,LOW,2026-05-22 13:44:06.491391
CUST00804,Krishna Bobal,1958-01-06,Vasai-Virar,Telangana,Lawyer,PENDING,LOW,2026-05-22 13:44:06.491407
CUST00805,Jagrati Roy,1986-12-13,Mau,Mizoram,Business,VERIFIED,MEDIUM,2026-05-22 13:44:06.491424
CUST00806,Aarnav Kamdar,2001-07-09,Panchkula,Manipur,Engineer,VERIFIED,HIGH,2026-05-22 13:44:06.491440
CUST00807,Udarsh Ray,1989-04-15,Hubli–Dharwad,Rajasthan,Doctor,PENDING,HIGH,2026-05-22 13:44:06.491458
CUST00808,Omkaar Kale,1967-01-19,Gandhidham,Maharashtra,Business,PENDING,LOW,2026-05-22 13:44:06.491474
CUST00809,Hemang Manda,1963-08-09,Ozhukarai,Tamil Nadu,Doctor,PENDING,LOW,2026-05-22 13:44:06.491491
CUST00810,Ganga Mody,1979-01-18,Madurai,Telangana,Teacher,PENDING,MEDIUM,2026-05-22 13:44:06.491508
CUST00811,Krishna Misra,1970-03-23,Ambattur,Nagaland,Engineer,PENDING,MEDIUM,2026-05-22 13:44:06.491527
CUST00812,Jagvi Doctor,1981-04-29,Alappuzha,Rajasthan,Lawyer,PENDING,LOW,2026-05-22 13:44:06.491542
CUST00813,Devansh Jaggi,1979-02-11,Ujjain,Maharashtra,Business,VERIFIED,LOW,2026-05-22 13:44:06.491556
CUST00814,Yashawini Subramaniam,2002-07-14,Tiruchirappalli,Arunachal Pradesh,Teacher,REJECTED,MEDIUM,2026-05-22 13:44:06.491572
CUST00815,Hamsini Balakrishnan,1984-12-02,Eluru,Bihar,Government Employee,REJECTED,LOW,2026-05-22 13:44:06.491587
CUST00816,Sanaya Rout,1973-05-26,Asansol,Sikkim,Business,VERIFIED,HIGH,2026-05-22 13:44:06.491604
CUST00817,Yatin Wagle,1982-11-20,Kota,Haryana,Lawyer,PENDING,HIGH,2026-05-22 13:44:06.491618
CUST00818,Balendra Merchant,1971-07-27,Ramgarh,Punjab,Engineer,VERIFIED,LOW,2026-05-22 13:44:06.491632
CUST00819,Vidhi Rai,1965-01-23,Buxar,Madhya Pradesh,Doctor,PENDING,MEDIUM,2026-05-22 13:44:06.491647
CUST00820,Shivani Batta,1954-05-28,Tiruppur,Sikkim,Doctor,VERIFIED,MEDIUM,2026-05-22 13:44:06.491662
CUST00821,Eesha Pingle,2004-07-08,Nadiad,West Bengal,Teacher,VERIFIED,MEDIUM,2026-05-22 13:44:06.491677
CUST00822,Banjeet Kohli,1971-10-19,Ambarnath,Chhattisgarh,Government Employee,REJECTED,MEDIUM,2026-05-22 13:44:06.491691
CUST00823,Krishna Dhar,2000-09-21,Mysore,Sikkim,Teacher,REJECTED,HIGH,2026-05-22 13:44:06.491706
CUST00824,Raksha Bhatia,1954-09-10,Gulbarga,Nagaland,Doctor,VERIFIED,MEDIUM,2026-05-22 13:44:06.491721
CUST00825,Balvan Roy,1975-02-02,Srikakulam,Assam,Engineer,PENDING,MEDIUM,2026-05-22 13:44:06.491736
CUST00826,Pushti Krishna,1954-06-05,Ramgarh,Haryana,Government Employee,PENDING,MEDIUM,2026-05-22 13:44:06.491753
CUST00827,Reva Kara,1994-03-28,Anantapur,Sikkim,Lawyer,REJECTED,LOW,2026-05-22 13:44:06.491767
CUST00828,Sneha Sunder,2004-05-19,Maheshtala,Haryana,Government Employee,PENDING,LOW,2026-05-22 13:44:06.491782
CUST00829,Vedhika Jain,1951-08-08,Bhiwani,Rajasthan,Engineer,PENDING,HIGH,2026-05-22 13:44:06.491802
CUST00830,Zayyan Raghavan,1990-07-01,Hubli–Dharwad,Andhra Pradesh,Business,PENDING,LOW,2026-05-22 13:44:06.491817
CUST00831,Chandani Chaudry,1978-08-30,Latur,Odisha,Lawyer,VERIFIED,HIGH,2026-05-22 13:44:06.491831
CUST00832,Maanav Lall,1990-10-19,Giridih,Punjab,Government Employee,PENDING,HIGH,2026-05-22 13:44:06.491846
CUST00833,Balhaar Ravel,1985-05-25,Berhampore,Telangana,Doctor,PENDING,MEDIUM,2026-05-22 13:44:06.491861
CUST00834,Aradhana Kota,1999-06-16,Bijapur,Punjab,Engineer,REJECTED,MEDIUM,2026-05-22 13:44:06.491877
CUST00835,Nitara Soni,1950-09-21,Vellore,Telangana,Doctor,PENDING,MEDIUM,2026-05-22 13:44:06.491892
CUST00836,Veda Sha,1963-04-13,Gandhidham,Karnataka,Teacher,PENDING,LOW,2026-05-22 13:44:06.491907
CUST00837,Yashoda Bora,1950-08-17,Motihari,Manipur,Engineer,REJECTED,LOW,2026-05-22 13:44:06.491922
CUST00838,Aishani Bhat,1983-12-03,Bardhaman,Manipur,Doctor,PENDING,HIGH,2026-05-22 13:44:06.491936
CUST00839,Diya Uppal,1999-06-29,Morbi,Karnataka,Teacher,REJECTED,MEDIUM,2026-05-22 13:44:06.491951
CUST00840,Jai Sachar,1959-09-27,Bilaspur,Chhattisgarh,Doctor,VERIFIED,MEDIUM,2026-05-22 13:44:06.491965
CUST00841,Abha Kashyap,1994-09-14,Tadepalligudem,Telangana,Doctor,REJECTED,HIGH,2026-05-22 13:44:06.491982
CUST00842,Nathan Dua,1977-06-28,Indore,Nagaland,Teacher,VERIFIED,MEDIUM,2026-05-22 13:44:06.491999
CUST00843,Rayaan Narayanan,1985-07-16,Malegaon,Rajasthan,Business,VERIFIED,HIGH,2026-05-22 13:44:06.492017
CUST00844,Kabir Sandal,2000-03-19,Arrah,Manipur,Government Employee,PENDING,HIGH,2026-05-22 13:44:06.492033
CUST00845,Falguni Lanka,1984-12-18,Kozhikode,Odisha,Doctor,VERIFIED,LOW,2026-05-22 13:44:06.492050
CUST00846,Tanvi Bhargava,1980-03-06,Amaravati,Kerala,Business,PENDING,HIGH,2026-05-22 13:44:06.492067
CUST00847,Andrew Chacko,1954-06-18,Pali,Karnataka,Business,PENDING,MEDIUM,2026-05-22 13:44:06.492083
CUST00848,Ranveer Hans,1956-01-21,Rampur,Madhya Pradesh,Doctor,REJECTED,HIGH,2026-05-22 13:44:06.492100
CUST00849,Amrita Jain,1960-01-26,Pudukkottai,Sikkim,Government Employee,VERIFIED,HIGH,2026-05-22 13:44:06.492117
CUST00850,Laksh Saraf,2004-03-05,Bidhannagar,Nagaland,Engineer,REJECTED,HIGH,2026-05-22 13:44:06.492135
CUST00851,Samaksh Mammen,1998-05-20,Vasai-Virar,Jharkhand,Engineer,PENDING,HIGH,2026-05-22 13:44:06.492153
CUST00852,Falguni Doctor,1952-05-26,Malegaon,Gujarat,Teacher,VERIFIED,LOW,2026-05-22 13:44:06.492169
CUST00853,Yoshita Ratta,1969-01-24,Akola,Goa,Engineer,REJECTED,MEDIUM,2026-05-22 13:44:06.492186
CUST00854,Gaurika Mitra,1985-05-28,Orai,Assam,Government Employee,VERIFIED,MEDIUM,2026-05-22 13:44:06.492202
CUST00855,Suhani Vora,2007-05-28,Ambala,Himachal Pradesh,Lawyer,PENDING,HIGH,2026-05-22 13:44:06.492220
CUST00856,Gauri Sha,2007-01-12,Jammu,Sikkim,Government Employee,REJECTED,HIGH,2026-05-22 13:44:06.492237
CUST00857,Hitesh Kaul,1951-04-09,Vijayawada,Sikkim,Teacher,PENDING,HIGH,2026-05-22 13:44:06.492254
CUST00858,Nilima Sanghvi,1963-08-03,Thiruvananthapuram,Mizoram,Doctor,REJECTED,MEDIUM,2026-05-22 13:44:06.492271
CUST00859,Faras Balasubramanian,1955-09-30,Bokaro,Andhra Pradesh,Doctor,REJECTED,HIGH,2026-05-22 13:44:06.492289
CUST00860,Zansi Kumar,1954-04-23,Ozhukarai,Punjab,Lawyer,PENDING,HIGH,2026-05-22 13:44:06.492306
CUST00861,Oni Ramachandran,1968-06-22,Raipur,West Bengal,Lawyer,VERIFIED,MEDIUM,2026-05-22 13:44:06.492323
CUST00862,Chandran Dugar,2004-01-07,Jamshedpur,Bihar,Business,VERIFIED,LOW,2026-05-22 13:44:06.492346
CUST00863,Alexander Kunda,1961-06-05,Jammu,Arunachal Pradesh,Doctor,VERIFIED,MEDIUM,2026-05-22 13:44:06.492363
CUST00864,Zehaan Lad,1969-11-25,Muzaffarpur,Karnataka,Government Employee,PENDING,LOW,2026-05-22 13:44:06.492379
CUST00865,Meghana Chada,1961-05-25,Gangtok,Sikkim,Teacher,REJECTED,MEDIUM,2026-05-22 13:44:06.492397
CUST00866,Jyoti Chacko,1999-02-02,Kharagpur,Mizoram,Doctor,VERIFIED,MEDIUM,2026-05-22 13:44:06.492413
CUST00867,Aadi Borah,1959-07-01,Haridwar,Madhya Pradesh,Lawyer,REJECTED,LOW,2026-05-22 13:44:06.492429
CUST00868,Ishani Mohanty,2004-09-24,Gorakhpur,Arunachal Pradesh,Teacher,PENDING,HIGH,2026-05-22 13:44:06.492447
CUST00869,Aashi Narang,1971-12-15,Shimla,Nagaland,Teacher,VERIFIED,MEDIUM,2026-05-22 13:44:06.492463
CUST00870,Isha Sethi,1954-04-17,Kakinada,Arunachal Pradesh,Lawyer,PENDING,HIGH,2026-05-22 13:44:06.492480
CUST00871,Andrew Merchant,1953-07-29,Ambattur,Goa,Business,REJECTED,HIGH,2026-05-22 13:44:06.492499
CUST00872,Vivaan Mital,1968-06-07,Dehradun,Chhattisgarh,Engineer,VERIFIED,MEDIUM,2026-05-22 13:44:06.492514
CUST00873,Bina Deol,1996-08-20,Bathinda,Maharashtra,Doctor,VERIFIED,LOW,2026-05-22 13:44:06.492530
CUST00874,Veer Sangha,2006-05-24,Gorakhpur,Gujarat,Lawyer,PENDING,MEDIUM,2026-05-22 13:44:06.492546
CUST00875,Hema Dewan,1953-03-03,Saharsa,Maharashtra,Doctor,REJECTED,MEDIUM,2026-05-22 13:44:06.492562
CUST00876,Anamika Deshpande,1982-01-29,Kalyan-Dombivli,Sikkim,Doctor,REJECTED,LOW,2026-05-22 13:44:06.492578
CUST00877,Krishna Sunder,1953-05-29,Kochi,Karnataka,Doctor,PENDING,MEDIUM,2026-05-22 13:44:06.492597
CUST00878,Samar Sood,1951-08-21,Rampur,Meghalaya,Business,REJECTED,LOW,2026-05-22 13:44:06.492612
CUST00879,Zinal Prabhakar,1986-02-12,Nagpur,Madhya Pradesh,Government Employee,PENDING,MEDIUM,2026-05-22 13:44:06.492627
CUST00880,Advika Krishna,1979-06-14,Nagaon,Odisha,Lawyer,REJECTED,MEDIUM,2026-05-22 13:44:06.492653
CUST00881,Nicholas Bhatt,1952-02-01,Srinagar,Jharkhand,Business,VERIFIED,LOW,2026-05-22 13:44:06.492669
CUST00882,Nidra Tella,1979-10-21,Vellore,Arunachal Pradesh,Government Employee,PENDING,MEDIUM,2026-05-22 13:44:06.492684
CUST00883,Gunbir Rau,1973-11-09,Surendranagar Dudhrej,Uttar Pradesh,Engineer,VERIFIED,MEDIUM,2026-05-22 13:44:06.492701
CUST00884,Anjali Din,1972-02-10,Sikar,Telangana,Business,REJECTED,MEDIUM,2026-05-22 13:44:06.492718
CUST00885,Ishita Mani,1989-10-04,Chandigarh,Chhattisgarh,Business,PENDING,LOW,2026-05-22 13:44:06.492734
CUST00886,Nihal Badami,1984-08-21,Ozhukarai,Uttar Pradesh,Business,VERIFIED,HIGH,2026-05-22 13:44:06.492751
CUST00887,Parth Seshadri,1977-08-16,Durgapur,Karnataka,Business,VERIFIED,HIGH,2026-05-22 13:44:06.492767
CUST00888,Nitara Bhattacharyya,2004-06-19,Udaipur,Uttarakhand,Teacher,REJECTED,LOW,2026-05-22 13:44:06.492782
CUST00889,Aarini Ramachandran,1970-08-01,Unnao,Telangana,Business,REJECTED,MEDIUM,2026-05-22 13:44:06.492803
CUST00890,Zehaan Borde,1971-03-26,Bihar Sharif,Uttarakhand,Government Employee,VERIFIED,MEDIUM,2026-05-22 13:44:06.492820
CUST00891,Yutika Bora,2006-07-26,Berhampur,Meghalaya,Doctor,PENDING,MEDIUM,2026-05-22 13:44:06.492836
CUST00892,Omya Khanna,2001-04-17,Chinsurah,Karnataka,Business,REJECTED,HIGH,2026-05-22 13:44:06.492852
CUST00893,Pavani Mitter,1991-08-09,Madhyamgram,Assam,Lawyer,VERIFIED,HIGH,2026-05-22 13:44:06.492873
CUST00894,Vedhika Kaur,1987-05-14,Gandhinagar,Himachal Pradesh,Government Employee,REJECTED,HIGH,2026-05-22 13:44:06.492891
CUST00895,Ekapad Kaul,1977-08-02,Kollam,Karnataka,Lawyer,REJECTED,MEDIUM,2026-05-22 13:44:06.492909
CUST00896,Balvan Kapur,1967-11-14,Kanpur,Nagaland,Doctor,REJECTED,HIGH,2026-05-22 13:44:06.492926
CUST00897,Ekta Bandi,2007-03-07,Kulti,Himachal Pradesh,Government Employee,VERIFIED,HIGH,2026-05-22 13:44:06.492943
CUST00898,Teerth Sule,1981-10-12,Varanasi,Andhra Pradesh,Lawyer,VERIFIED,MEDIUM,2026-05-22 13:44:06.492959
CUST00899,Daniel Ahuja,1987-07-08,Phusro,Uttar Pradesh,Engineer,PENDING,LOW,2026-05-22 13:44:06.492976
CUST00900,Nathaniel Modi,1998-09-19,Gandhinagar,Rajasthan,Government Employee,PENDING,MEDIUM,2026-05-22 13:44:06.492993
CUST00901,Simon Mammen,1976-01-26,Madurai,Uttar Pradesh,Doctor,REJECTED,MEDIUM,2026-05-22 13:44:06.493010
CUST00902,Chatresh Morar,1962-06-18,Rohtak,Meghalaya,Business,REJECTED,MEDIUM,2026-05-22 13:44:06.493027
CUST00903,Yashvi Contractor,1956-01-21,Bhilai,Manipur,Engineer,VERIFIED,MEDIUM,2026-05-22 13:44:06.493045
CUST00904,Ryan Kala,2003-11-14,Jammu,Odisha,Engineer,PENDING,MEDIUM,2026-05-22 13:44:06.493061
CUST00905,Yashawini Majumdar,2003-08-24,Jamshedpur,Tripura,Lawyer,REJECTED,LOW,2026-05-22 13:44:06.493078
CUST00906,Jyoti Bobal,1963-11-15,Raurkela Industrial Township,Assam,Engineer,VERIFIED,MEDIUM,2026-05-22 13:44:06.493095
CUST00907,Anvi Sibal,2005-03-23,Noida,Goa,Government Employee,REJECTED,HIGH,2026-05-22 13:44:06.493112
CUST00908,Deepa Rajan,1980-12-08,Bhalswa Jahangir Pur,Meghalaya,Business,VERIFIED,LOW,2026-05-22 13:44:06.493129
CUST00909,Dev Iyengar,1951-10-02,Ballia,Bihar,Doctor,PENDING,MEDIUM,2026-05-22 13:44:06.493147
CUST00910,Rohan Setty,1980-03-24,Fatehpur,Telangana,Lawyer,VERIFIED,MEDIUM,2026-05-22 13:44:06.493163
CUST00911,Bina Ramesh,1993-10-02,Kota,Mizoram,Business,VERIFIED,MEDIUM,2026-05-22 13:44:06.493181
CUST00912,Gayathri Krishna,1987-01-01,Kulti,Arunachal Pradesh,Government Employee,VERIFIED,MEDIUM,2026-05-22 13:44:06.493198
CUST00913,Yashoda Batta,1977-05-22,Munger,Maharashtra,Lawyer,REJECTED,HIGH,2026-05-22 13:44:06.493215
CUST00914,Urvashi Pathak,1960-03-02,Hapur,Uttar Pradesh,Engineer,REJECTED,LOW,2026-05-22 13:44:06.493232
CUST00915,Nilima Sarna,1967-02-04,Siwan,Tripura,Teacher,PENDING,HIGH,2026-05-22 13:44:06.493248
CUST00916,Wazir Mannan,1984-01-16,Saharsa,Chhattisgarh,Doctor,REJECTED,LOW,2026-05-22 13:44:06.493266
CUST00917,Vivaan Desai,1972-10-29,Guwahati,Himachal Pradesh,Doctor,REJECTED,LOW,2026-05-22 13:44:06.493282
CUST00918,Abeer Acharya,1954-04-07,Panchkula,Arunachal Pradesh,Business,REJECTED,MEDIUM,2026-05-22 13:44:06.493299
CUST00919,Ekantika Dugar,1983-03-01,Bhimavaram,Odisha,Business,PENDING,HIGH,2026-05-22 13:44:06.493315
CUST00920,Irya Menon,1978-01-16,Patna,Karnataka,Lawyer,VERIFIED,MEDIUM,2026-05-22 13:44:06.493332
CUST00921,Nitara Kalla,1997-07-15,Katni,Punjab,Teacher,VERIFIED,LOW,2026-05-22 13:44:06.493349
CUST00922,Aahana Dhar,1982-05-06,Nanded,Sikkim,Government Employee,PENDING,HIGH,2026-05-22 13:44:06.493366
CUST00923,Forum Thaman,1977-07-29,Bhusawal,Himachal Pradesh,Engineer,REJECTED,MEDIUM,2026-05-22 13:44:06.493386
CUST00924,Oviya Murthy,1978-05-20,Kanpur,Madhya Pradesh,Teacher,PENDING,LOW,2026-05-22 13:44:06.493402
CUST00925,Faris Sathe,2005-07-04,Tirunelveli,Tamil Nadu,Lawyer,PENDING,LOW,2026-05-22 13:44:06.493420
CUST00926,Yashoda Chander,1953-04-28,Bhilwara,Karnataka,Doctor,REJECTED,HIGH,2026-05-22 13:44:06.493437
CUST00927,Niharika Sharaf,1997-02-22,Muzaffarpur,Punjab,Government Employee,VERIFIED,MEDIUM,2026-05-22 13:44:06.493453
CUST00928,Lopa Chauhan,1984-08-03,Alwar,Jharkhand,Government Employee,REJECTED,LOW,2026-05-22 13:44:06.493469
CUST00929,Eshana Sabharwal,1997-02-03,Surat,Tripura,Engineer,VERIFIED,HIGH,2026-05-22 13:44:06.493486
CUST00930,Inaya Dalal,1950-06-17,Jodhpur,Assam,Government Employee,VERIFIED,MEDIUM,2026-05-22 13:44:06.493501
CUST00931,Vyanjana Kurian,1959-10-25,Sonipat,Manipur,Business,PENDING,HIGH,2026-05-22 13:44:06.493518
CUST00932,Harrison Nigam,1993-12-11,Ozhukarai,Jharkhand,Teacher,PENDING,LOW,2026-05-22 13:44:06.493533
CUST00933,Yachana Tiwari,1969-03-12,Satna,Uttar Pradesh,Lawyer,REJECTED,MEDIUM,2026-05-22 13:44:06.493550
CUST00934,Finn Saha,1966-02-11,Bhavnagar,Uttar Pradesh,Business,VERIFIED,MEDIUM,2026-05-22 13:44:06.493566
CUST00935,Ranveer Srivastava,1956-01-30,Howrah,Tamil Nadu,Lawyer,PENDING,MEDIUM,2026-05-22 13:44:06.493582
CUST00936,Bina Nagarajan,1971-06-04,Pallavaram,Mizoram,Government Employee,REJECTED,HIGH,2026-05-22 13:44:06.493597
CUST00937,Advika Prasad,1954-04-19,Kottayam,Telangana,Doctor,PENDING,HIGH,2026-05-22 13:44:06.493613
CUST00938,Advika Gopal,1963-04-06,Hindupur,Jharkhand,Engineer,VERIFIED,HIGH,2026-05-22 13:44:06.493629
CUST00939,Alka Kalita,1991-03-22,Karimnagar,Arunachal Pradesh,Doctor,VERIFIED,HIGH,2026-05-22 13:44:06.493645
CUST00940,Leena Magar,1975-08-11,Junagadh,Haryana,Business,PENDING,HIGH,2026-05-22 13:44:06.493660
CUST00941,Diya Guha,1971-03-08,Tenali,Punjab,Business,REJECTED,LOW,2026-05-22 13:44:06.493676
CUST00942,Zashil Pai,1994-08-23,Nagercoil,West Bengal,Government Employee,REJECTED,MEDIUM,2026-05-22 13:44:06.493692
CUST00943,Januja Karnik,1965-01-05,Ichalkaranji,West Bengal,Government Employee,VERIFIED,MEDIUM,2026-05-22 13:44:06.493708
CUST00944,Lohit Mukherjee,1958-09-09,Gandhidham,Uttarakhand,Doctor,PENDING,LOW,2026-05-22 13:44:06.493723
CUST00945,Kabir Kade,2006-02-15,Etawah,Himachal Pradesh,Doctor,VERIFIED,LOW,2026-05-22 13:44:06.493739
CUST00946,Frado Chopra,1986-05-20,Belgaum,Punjab,Teacher,REJECTED,LOW,2026-05-22 13:44:06.493754
CUST00947,Krish Lall,1987-12-31,Rewa,Gujarat,Teacher,VERIFIED,MEDIUM,2026-05-22 13:44:06.493770
CUST00948,Pranav Mani,2005-10-23,Warangal,Punjab,Business,REJECTED,MEDIUM,2026-05-22 13:44:06.493843
CUST00949,Farhan Luthra,1972-08-12,Asansol,Bihar,Lawyer,VERIFIED,LOW,2026-05-22 13:44:06.493934
CUST00950,Aadi Kara,1959-02-01,Hindupur,Maharashtra,Engineer,PENDING,HIGH,2026-05-22 13:44:06.493961
CUST00951,Noah Choudhary,2002-06-13,Baranagar,Rajasthan,Teacher,VERIFIED,MEDIUM,2026-05-22 13:44:06.493986
CUST00952,Urvi Dass,1965-08-16,Madurai,Uttarakhand,Teacher,PENDING,HIGH,2026-05-22 13:44:06.494009
CUST00953,Yadavi Mannan,1984-08-04,Kishanganj,Punjab,Business,PENDING,MEDIUM,2026-05-22 13:44:06.494028
CUST00954,Udant Saxena,2001-12-03,Uluberia,Haryana,Teacher,VERIFIED,HIGH,2026-05-22 13:44:06.494052
CUST00955,Alka Nayar,1953-03-14,Nandyal,Rajasthan,Government Employee,VERIFIED,HIGH,2026-05-22 13:44:06.494070
CUST00956,Leela Luthra,2003-08-05,Fatehpur,Nagaland,Engineer,PENDING,MEDIUM,2026-05-22 13:44:06.494090
CUST00957,Mugdha Chadha,1961-03-13,Shahjahanpur,Gujarat,Lawyer,REJECTED,HIGH,2026-05-22 13:44:06.494111
CUST00958,Ishwar Gera,1981-10-15,Dibrugarh,Manipur,Government Employee,REJECTED,LOW,2026-05-22 13:44:06.494130
CUST00959,Chameli Parsa,1986-12-19,Kolkata,Haryana,Business,PENDING,MEDIUM,2026-05-22 13:44:06.494155
CUST00960,Dhriti Comar,1977-10-17,Mangalore,Uttar Pradesh,Business,REJECTED,HIGH,2026-05-22 13:44:06.494177
CUST00961,Urvashi Bhargava,1979-07-02,Mysore,Goa,Business,PENDING,LOW,2026-05-22 13:44:06.494201
CUST00962,Ayushman Mahal,1987-05-22,Miryalaguda,Odisha,Business,VERIFIED,LOW,2026-05-22 13:44:06.494220
CUST00963,Indrajit Sinha,1960-02-28,Tumkur,Uttarakhand,Engineer,VERIFIED,MEDIUM,2026-05-22 13:44:06.494238
CUST00964,Sai Madan,1990-10-12,Kolhapur,Chhattisgarh,Lawyer,REJECTED,MEDIUM,2026-05-22 13:44:06.494258
CUST00965,Pahal Sarma,1953-04-17,Satna,Andhra Pradesh,Lawyer,VERIFIED,MEDIUM,2026-05-22 13:44:06.494277
CUST00966,Yuvraj Loke,1976-12-22,Kakinada,Madhya Pradesh,Government Employee,PENDING,HIGH,2026-05-22 13:44:06.494298
CUST00967,Irya Kapadia,1975-03-25,Haridwar,Telangana,Lawyer,REJECTED,MEDIUM,2026-05-22 13:44:06.494316
CUST00968,Jagvi Sangha,1989-10-07,Kharagpur,Telangana,Engineer,PENDING,HIGH,2026-05-22 13:44:06.494342
CUST00969,Shivansh Guha,1955-12-16,Jaipur,Meghalaya,Teacher,VERIFIED,LOW,2026-05-22 13:44:06.494364
CUST00970,Harinakshi Gera,1977-04-14,Satara,Himachal Pradesh,Doctor,PENDING,HIGH,2026-05-22 13:44:06.494387
CUST00971,Ubika Roy,1966-08-25,Tirupati,Bihar,Engineer,REJECTED,MEDIUM,2026-05-22 13:44:06.494406
CUST00972,Zarna Hora,1999-03-13,Kadapa,Haryana,Teacher,REJECTED,LOW,2026-05-22 13:44:06.494425
CUST00973,Neel Shroff,1985-02-02,Muzaffarnagar,Nagaland,Doctor,PENDING,MEDIUM,2026-05-22 13:44:06.494443
CUST00974,Kala Guha,2001-06-12,Katihar,Tamil Nadu,Business,REJECTED,HIGH,2026-05-22 13:44:06.494463
CUST00975,Yashoda Raju,1951-09-29,Bilaspur,Haryana,Lawyer,VERIFIED,HIGH,2026-05-22 13:44:06.494481
CUST00976,Gunbir Solanki,1990-06-17,Sirsa,Himachal Pradesh,Doctor,PENDING,HIGH,2026-05-22 13:44:06.494498
CUST00977,Faraj Bhalla,1979-10-20,Gandhinagar,Odisha,Engineer,PENDING,LOW,2026-05-22 13:44:06.494516
CUST00978,Meghana Sheth,1950-07-09,Tirunelveli,Uttar Pradesh,Engineer,VERIFIED,MEDIUM,2026-05-22 13:44:06.494533
CUST00979,Maanav Parekh,1983-10-11,Davanagere,Gujarat,Engineer,VERIFIED,MEDIUM,2026-05-22 13:44:06.494550
CUST00980,Dhriti Mody,1965-03-18,Gandhidham,Mizoram,Business,PENDING,LOW,2026-05-22 13:44:06.494569
CUST00981,Vincent Rajagopalan,2005-01-18,Sirsa,Goa,Business,PENDING,LOW,2026-05-22 13:44:06.494587
CUST00982,Omaja Ravel,1962-01-23,Tirunelveli,Haryana,Engineer,REJECTED,HIGH,2026-05-22 13:44:06.494606
CUST00983,Rachita Thaker,1976-11-15,Nellore,Mizoram,Doctor,VERIFIED,LOW,2026-05-22 13:44:06.494628
CUST00984,Tejas Minhas,1989-07-01,Hazaribagh,Arunachal Pradesh,Doctor,PENDING,LOW,2026-05-22 13:44:06.494644
CUST00985,Yashawini Pathak,2003-06-13,Patiala,Tripura,Government Employee,VERIFIED,MEDIUM,2026-05-22 13:44:06.494665
CUST00986,Devika Goda,1991-01-24,Berhampore,Uttar Pradesh,Business,PENDING,LOW,2026-05-22 13:44:06.494687
CUST00987,Mekhala Wagle,1991-03-02,Gulbarga,Meghalaya,Teacher,PENDING,LOW,2026-05-22 13:44:06.494705
CUST00988,Imaran Sankaran,1994-05-03,Visakhapatnam,Bihar,Government Employee,VERIFIED,HIGH,2026-05-22 13:44:06.494722
CUST00989,Tristan Kant,1956-05-30,Alappuzha,Goa,Doctor,PENDING,HIGH,2026-05-22 13:44:06.494741
CUST00990,Dalaja Pai,1960-12-23,Raichur,Tamil Nadu,Doctor,REJECTED,LOW,2026-05-22 13:44:06.494759
CUST00991,Ekani Nath,1952-02-18,Dhule,Punjab,Government Employee,PENDING,HIGH,2026-05-22 13:44:06.494778
CUST00992,Aditya Rana,2000-09-06,Panipat,Andhra Pradesh,Teacher,VERIFIED,HIGH,2026-05-22 13:44:06.494797
CUST00993,Henry Patla,1981-08-29,Bhatpara,Rajasthan,Doctor,VERIFIED,HIGH,2026-05-22 13:44:06.494814
CUST00994,Vedhika Parekh,1993-03-16,Proddatur,Andhra Pradesh,Teacher,REJECTED,HIGH,2026-05-22 13:44:06.494832
CUST00995,Rayaan Agate,1951-01-26,Ajmer,Gujarat,Teacher,VERIFIED,LOW,2026-05-22 13:44:06.494850
CUST00996,Ekani Bath,1981-06-30,Ambala,Nagaland,Doctor,PENDING,LOW,2026-05-22 13:44:06.494868
CUST00997,Chakrika Kunda,2006-09-14,Amravati,Mizoram,Business,REJECTED,LOW,2026-05-22 13:44:06.494885
CUST00998,Pahal Khanna,1988-03-21,Munger,West Bengal,Lawyer,REJECTED,MEDIUM,2026-05-22 13:44:06.494902
CUST00999,Fitan Bhargava,1993-11-10,Tinsukia,Gujarat,Doctor,REJECTED,HIGH,2026-05-22 13:44:06.494920
CUST01000,Fariq Nanda,1956-12-27,Panvel,Sikkim,Engineer,VERIFIED,MEDIUM,2026-05-22 13:44:06.494951
